{"type":"FeatureCollection", "features": [
{"type":"Feature","geometry":{"type":"MultiPolygon","coordinates":[[[[90.4775,21.7692],[90.48,21.7715],[90.4797,21.7762],[90.4764,21.7819],[90.4712,21.778],[90.4706,21.7733],[90.4775,21.7692]]],[[[90.3835,21.7877],[90.3897,21.7925],[90.3927,21.7987],[90.3894,21.804],[90.3825,21.7924],[90.3835,21.7877]]],[[[90.48,21.8013],[90.4759,21.8077],[90.4772,21.8133],[90.4724,21.8194],[90.4668,21.8172],[90.465,21.812],[90.4613,21.8087],[90.4633,21.8056],[90.4755,21.804],[90.48,21.8013]]],[[[90.3809,21.8542],[90.376,21.8565],[90.3669,21.8447],[90.366,21.8398],[90.3688,21.8361],[90.3781,21.836],[90.3839,21.8375],[90.3805,21.8445],[90.3826,21.8501],[90.3809,21.8542]]],[[[90.4348,21.8317],[90.4452,21.8359],[90.4575,21.8388],[90.4602,21.8441],[90.458,21.8585],[90.4546,21.8602],[90.4351,21.8484],[90.4329,21.8461],[90.4303,21.8352],[90.4348,21.8317]]],[[[90.5413,21.8536],[90.5373,21.8567],[90.524,21.8612],[90.5147,21.8615],[90.5022,21.8599],[90.4956,21.8566],[90.4817,21.8436],[90.4785,21.8367],[90.4757,21.8255],[90.4775,21.8197],[90.4815,21.8147],[90.489,21.8112],[90.497,21.8106],[90.501,21.8125],[90.5156,21.8241],[90.5244,21.8288],[90.5297,21.8357],[90.5335,21.8429],[90.544,21.8515],[90.5413,21.8536]]],[[[90.4193,21.8553],[90.4315,21.8604],[90.4344,21.8654],[90.4269,21.8641],[90.4141,21.8589],[90.4193,21.8553]]],[[[90.5531,21.8639],[90.5509,21.8707],[90.5401,21.8779],[90.529,21.8866],[90.526,21.8868],[90.5154,21.8807],[90.5036,21.8662],[90.5094,21.864],[90.5233,21.8637],[90.5305,21.8623],[90.5444,21.8578],[90.5566,21.859],[90.5531,21.8639]]],[[[90.4684,21.8492],[90.4814,21.856],[90.4815,21.8646],[90.4798,21.8689],[90.4863,21.8717],[90.4854,21.8856],[90.481,21.8866],[90.4744,21.8763],[90.4676,21.8689],[90.4652,21.8639],[90.4638,21.856],[90.4645,21.8512],[90.4684,21.8492]]],[[[90.4074,21.8762],[90.4165,21.8843],[90.4186,21.8913],[90.4144,21.8925],[90.4079,21.8876],[90.4074,21.8762]]],[[[90.4929,21.8756],[90.5011,21.8816],[90.5114,21.8911],[90.5108,21.8955],[90.5042,21.9064],[90.4997,21.9105],[90.4919,21.9025],[90.488,21.8882],[90.4887,21.879],[90.4929,21.8756]]],[[[90.4241,21.882],[90.4354,21.8835],[90.4512,21.8907],[90.4544,21.8947],[90.4599,21.9104],[90.4546,21.91],[90.4383,21.9021],[90.4273,21.8992],[90.4226,21.8966],[90.4206,21.8931],[90.4177,21.8808],[90.4241,21.882]]],[[[90.4752,21.9022],[90.4838,21.9131],[90.4836,21.9202],[90.4747,21.9054],[90.4752,21.9022]]],[[[90.7717,21.8559],[90.7904,21.8613],[90.8022,21.8617],[90.8105,21.8633],[90.8161,21.8683],[90.8294,21.8842],[90.8323,21.8898],[90.8328,21.8977],[90.8255,21.9051],[90.8179,21.9107],[90.806,21.9173],[90.8117,21.9229],[90.8225,21.9258],[90.8196,21.9296],[90.8094,21.9264],[90.8051,21.9238],[90.7896,21.9066],[90.783,21.8914],[90.7712,21.8681],[90.7682,21.8592],[90.7717,21.8559]]],[[[90.7287,21.8583],[90.7343,21.8604],[90.7422,21.8675],[90.7449,21.8793],[90.7491,21.889],[90.7592,21.9064],[90.7616,21.9118],[90.7611,21.9234],[90.758,21.9303],[90.7549,21.932],[90.7446,21.9317],[90.7372,21.9284],[90.7341,21.9255],[90.7229,21.9064],[90.7157,21.8991],[90.7167,21.89],[90.7119,21.8717],[90.7119,21.8684],[90.7159,21.8604],[90.7287,21.8583]]],[[[90.6051,21.9025],[90.611,21.9086],[90.6132,21.934],[90.6168,21.9546],[90.6177,21.9674],[90.6114,21.9658],[90.6089,21.9586],[90.6076,21.9414],[90.6067,21.9121],[90.6051,21.9025]]],[[[90.6824,21.9761],[90.6765,21.9763],[90.6477,21.9746],[90.6379,21.9761],[90.6323,21.9739],[90.6274,21.9649],[90.626,21.9596],[90.6238,21.941],[90.6217,21.9307],[90.621,21.9169],[90.6163,21.9031],[90.6128,21.8957],[90.6152,21.8906],[90.624,21.8912],[90.6308,21.894],[90.6474,21.8967],[90.6525,21.9006],[90.6605,21.9112],[90.6711,21.9199],[90.68,21.9303],[90.6847,21.9374],[90.6936,21.9559],[90.6999,21.9748],[90.6824,21.9761]]],[[[90.5774,21.9844],[90.569,21.988],[90.5627,21.9859],[90.5512,21.9766],[90.538,21.9637],[90.5298,21.957],[90.5152,21.9388],[90.5088,21.9285],[90.5071,21.9239],[90.5067,21.9161],[90.5079,21.9098],[90.5171,21.8915],[90.5261,21.8907],[90.5357,21.8863],[90.5451,21.8836],[90.5608,21.8803],[90.57,21.8804],[90.5763,21.8825],[90.5787,21.8892],[90.5818,21.903],[90.586,21.9119],[90.589,21.9211],[90.5929,21.9371],[90.595,21.9428],[90.5975,21.9543],[90.6034,21.972],[90.5979,21.9777],[90.5886,21.9834],[90.5774,21.9844]]],[[[90.3005,21.9537],[90.3037,21.9666],[90.3044,21.9742],[90.2961,21.9899],[90.2917,21.9905],[90.2796,21.9839],[90.2726,21.9781],[90.2669,21.9687],[90.2637,21.9574],[90.2599,21.9527],[90.2545,21.9507],[90.2498,21.9518],[90.2383,21.9617],[90.2342,21.9704],[90.2288,21.9774],[90.2234,21.9804],[90.2122,21.9836],[90.2082,21.9833],[90.1999,21.9789],[90.188,21.978],[90.1742,21.9752],[90.1692,21.9759],[90.1608,21.9817],[90.1542,21.9763],[90.1367,21.9564],[90.1374,21.9502],[90.146,21.9382],[90.1478,21.9315],[90.1447,21.9261],[90.1365,21.9235],[90.1266,21.9253],[90.1182,21.9252],[90.1164,21.9225],[90.1167,21.9155],[90.1191,21.9032],[90.1235,21.9025],[90.1308,21.898],[90.1423,21.8972],[90.1471,21.895],[90.1483,21.9016],[90.1573,21.9111],[90.162,21.912],[90.1699,21.9086],[90.1729,21.9103],[90.1785,21.9257],[90.181,21.9255],[90.177,21.9159],[90.1755,21.9097],[90.1727,21.9066],[90.1657,21.9066],[90.1605,21.9103],[90.1502,21.9008],[90.1505,21.8939],[90.1479,21.8922],[90.14,21.8951],[90.1285,21.8957],[90.122,21.8992],[90.1175,21.8989],[90.1136,21.8849],[90.1105,21.8785],[90.0999,21.8681],[90.0916,21.8671],[90.0854,21.8588],[90.0828,21.8503],[90.0855,21.8393],[90.1006,21.8227],[90.1158,21.8148],[90.1283,21.8098],[90.1527,21.8028],[90.1634,21.8003],[90.1766,21.7996],[90.1783,21.7975],[90.185,21.7977],[90.2195,21.8062],[90.2264,21.8141],[90.2342,21.8179],[90.2365,21.8238],[90.25,21.8354],[90.2586,21.844],[90.2599,21.8522],[90.2625,21.8569],[90.2673,21.8757],[90.2748,21.8933],[90.2777,21.8967],[90.2842,21.9126],[90.2963,21.9373],[90.2978,21.946],[90.3005,21.9537]]],[[[90.8681,21.977],[90.8605,21.9879],[90.8543,21.9907],[90.8429,21.985],[90.8376,21.9793],[90.8321,21.9667],[90.8308,21.9617],[90.8382,21.9316],[90.843,21.925],[90.849,21.9205],[90.8538,21.9206],[90.8558,21.9235],[90.8556,21.9292],[90.8496,21.9389],[90.8545,21.9423],[90.8588,21.9391],[90.8626,21.9457],[90.8625,21.9506],[90.8648,21.9585],[90.8618,21.9628],[90.861,21.9679],[90.8635,21.9759],[90.8681,21.977]]],[[[90.7617,21.9862],[90.7737,21.9957],[90.7714,21.997],[90.7627,21.9955],[90.7555,21.9917],[90.7557,21.9881],[90.7617,21.9862]]],[[[90.818,21.9448],[90.8185,21.9521],[90.817,21.957],[90.821,21.9626],[90.8252,21.975],[90.8301,21.9825],[90.8322,21.9928],[90.8296,21.9975],[90.8207,21.9884],[90.8095,21.9685],[90.7891,21.9445],[90.7799,21.9346],[90.7792,21.9268],[90.7769,21.9191],[90.7788,21.9134],[90.7832,21.916],[90.7866,21.926],[90.7894,21.9292],[90.7926,21.937],[90.798,21.9379],[90.809,21.9448],[90.8142,21.9424],[90.818,21.9448]]],[[[90.6921,21.9799],[90.7056,21.9897],[90.7085,21.9951],[90.7032,21.9951],[90.7001,21.992],[90.6812,21.9897],[90.678,21.9867],[90.6831,21.9825],[90.6921,21.9799]]],[[[90.5577,21.9938],[90.5615,21.9951],[90.5654,22.0002],[90.5666,22.0072],[90.5618,22.007],[90.5539,21.9964],[90.5577,21.9938]]],[[[90.8408,21.9917],[90.8471,21.9979],[90.8382,22.0111],[90.8359,22.0025],[90.8364,21.9979],[90.8408,21.9917]]],[[[90.7806,22.0027],[90.7857,22.0046],[90.7874,22.0098],[90.7895,22.0233],[90.7855,22.0251],[90.7753,22.0212],[90.7735,22.0181],[90.7721,22.0026],[90.7806,22.0027]]],[[[90.6223,21.9885],[90.6218,21.9938],[90.6095,22.0085],[90.6073,22.0134],[90.5954,22.0284],[90.5911,22.0299],[90.5821,22.0223],[90.5782,22.0203],[90.574,22.0139],[90.5672,21.9939],[90.5727,21.9893],[90.5879,21.9875],[90.5974,21.9827],[90.6018,21.9793],[90.607,21.9777],[90.6207,21.9865],[90.6223,21.9885]]],[[[90.35,22.045],[90.3499,22.0508],[90.3459,22.0498],[90.3431,22.0449],[90.3463,22.0407],[90.35,22.045]]],[[[90.3668,22.0412],[90.3763,22.0489],[90.3706,22.0504],[90.3659,22.0438],[90.3668,22.0412]]],[[[90.3882,22.0372],[90.3913,22.0427],[90.3901,22.0465],[90.3809,22.0535],[90.3738,22.044],[90.3646,22.0362],[90.3613,22.0275],[90.353,22.0086],[90.3496,22.0037],[90.3418,21.9955],[90.3444,21.9941],[90.3495,21.9979],[90.3609,22.0088],[90.3804,22.0297],[90.3853,22.0364],[90.3882,22.0372]]],[[[90.7289,22.0178],[90.7356,22.0209],[90.7422,22.0298],[90.7531,22.04],[90.7573,22.0523],[90.7486,22.0538],[90.7406,22.0482],[90.7309,22.0345],[90.7216,22.0192],[90.7234,22.0157],[90.7289,22.0178]]],[[[90.4845,21.9876],[90.4808,22.0035],[90.4792,22.0228],[90.4794,22.0295],[90.477,22.0364],[90.4721,22.0434],[90.469,22.0505],[90.4638,22.0547],[90.4433,22.0459],[90.4205,22.0332],[90.4033,22.0168],[90.3981,22.0106],[90.3842,21.9997],[90.3785,21.996],[90.3616,21.9828],[90.3561,21.9791],[90.3543,21.9691],[90.3497,21.9611],[90.339,21.9465],[90.3354,21.9348],[90.3317,21.928],[90.3271,21.9163],[90.3167,21.8968],[90.3068,21.8832],[90.3066,21.877],[90.3095,21.8651],[90.3134,21.8545],[90.3235,21.8477],[90.3336,21.8463],[90.3426,21.8478],[90.358,21.8516],[90.37,21.8621],[90.375,21.8683],[90.3765,21.8744],[90.3696,21.8816],[90.3657,21.8872],[90.3573,21.906],[90.3624,21.9044],[90.3683,21.8901],[90.3717,21.8851],[90.3768,21.8813],[90.3843,21.873],[90.3932,21.8707],[90.397,21.8762],[90.4008,21.8855],[90.4055,21.8912],[90.413,21.8966],[90.4309,21.9042],[90.4559,21.9143],[90.4645,21.9188],[90.4838,21.9368],[90.4937,21.95],[90.4984,21.9602],[90.4972,21.965],[90.4885,21.9781],[90.4845,21.9876]]],[[[90.3911,22.0392],[90.3945,22.0447],[90.406,22.0567],[90.4024,22.0568],[90.3981,22.0531],[90.3926,22.0455],[90.3911,22.0392]]],[[[90.4845,22.032],[90.482,22.0353],[90.4786,22.0455],[90.4804,22.0559],[90.4789,22.0646],[90.4749,22.0532],[90.4759,22.0475],[90.4826,22.0336],[90.4845,22.032]]],[[[90.452,22.0565],[90.4564,22.0582],[90.4603,22.0642],[90.4584,22.0679],[90.4509,22.0652],[90.452,22.0565]]],[[[90.3993,22.0552],[90.4081,22.0605],[90.4261,22.0758],[90.422,22.0793],[90.4046,22.0821],[90.3954,22.0859],[90.39,22.084],[90.3856,22.0767],[90.3736,22.066],[90.3646,22.0605],[90.3547,22.0454],[90.3461,22.0303],[90.3402,22.0223],[90.3407,22.008],[90.3429,22.0025],[90.3465,22.003],[90.3517,22.0104],[90.3568,22.0242],[90.3651,22.0442],[90.368,22.0496],[90.381,22.0549],[90.3884,22.0483],[90.3923,22.0474],[90.3993,22.0552]]],[[[89.8797,22.0787],[89.8842,22.0829],[89.8847,22.0882],[89.8818,22.0908],[89.8752,22.0831],[89.8797,22.0787]]],[[[90.8909,22.0498],[90.8953,22.0536],[90.8977,22.0596],[90.8975,22.0677],[90.8944,22.0751],[90.8933,22.0825],[90.8946,22.0857],[90.8886,22.0916],[90.8845,22.0911],[90.8797,22.0821],[90.8783,22.0633],[90.8791,22.0572],[90.8848,22.0502],[90.8909,22.0498]]],[[[90.8956,22.0888],[90.8891,22.098],[90.8864,22.0933],[90.8911,22.0926],[90.8956,22.0888]]],[[[90.8794,22.1001],[90.8815,22.1033],[90.8921,22.1088],[90.8947,22.1192],[90.8932,22.1252],[90.887,22.1194],[90.8842,22.1126],[90.8761,22.1023],[90.8794,22.1001]]],[[[90.5004,22.1342],[90.5054,22.1363],[90.505,22.1399],[90.4983,22.1383],[90.5004,22.1342]]],[[[90.3897,22.1311],[90.3958,22.1337],[90.3972,22.1416],[90.3918,22.1406],[90.3884,22.1363],[90.3897,22.1311]]],[[[89.8912,22.1501],[89.8916,22.1552],[89.8877,22.1652],[89.8912,22.1501]]],[[[91.0151,22.1757],[91.017,22.1787],[91.0175,22.187],[91.0151,22.1757]]],[[[90.6041,22.1796],[90.6015,22.1874],[90.5983,22.1879],[90.5903,22.1855],[90.5774,22.1837],[90.5674,22.1797],[90.5699,22.178],[90.564,22.1712],[90.5498,22.1589],[90.5419,22.1453],[90.5391,22.1364],[90.5342,22.1315],[90.5205,22.1153],[90.5012,22.0939],[90.4905,22.0847],[90.4851,22.0737],[90.4833,22.0652],[90.4811,22.0493],[90.4874,22.0345],[90.4876,22.0257],[90.4901,22.0225],[90.4848,22.0156],[90.485,22.0119],[90.4923,21.9962],[90.4956,21.9863],[90.5019,21.9725],[90.5041,21.9589],[90.5084,21.961],[90.5192,21.9748],[90.5236,21.9816],[90.5312,21.9961],[90.5424,22.0078],[90.5529,22.0172],[90.5637,22.0306],[90.5768,22.0508],[90.5898,22.0586],[90.5925,22.0639],[90.5972,22.0803],[90.5984,22.0878],[90.6029,22.1],[90.6078,22.1078],[90.605,22.1216],[90.6055,22.1306],[90.6048,22.1388],[90.6003,22.1518],[90.5989,22.1666],[90.6041,22.1796]]],[[[90.5391,22.1761],[90.5421,22.1783],[90.5452,22.1991],[90.5429,22.2007],[90.5382,22.1899],[90.5366,22.1797],[90.5391,22.1761]]],[[[90.5675,22.2031],[90.5732,22.2068],[90.5753,22.2109],[90.5786,22.2273],[90.5676,22.2089],[90.5675,22.2031]]],[[[90.57,22.1923],[90.5732,22.1943],[90.5827,22.2054],[90.5853,22.2102],[90.5893,22.2286],[90.5878,22.2383],[90.578,22.2347],[90.5794,22.2254],[90.5771,22.2138],[90.5737,22.2057],[90.567,22.1996],[90.5665,22.1928],[90.57,22.1923]]],[[[90.6308,22.2435],[90.6054,22.2436],[90.5895,22.241],[90.592,22.2272],[90.5885,22.2156],[90.5865,22.2063],[90.5796,22.1974],[90.5775,22.1907],[90.5853,22.189],[90.602,22.1916],[90.6185,22.1976],[90.6292,22.2051],[90.6325,22.2129],[90.6316,22.2267],[90.6316,22.2426],[90.6308,22.2435]]],[[[91.0137,22.2698],[91.0111,22.2657],[91.0094,22.2568],[91.0103,22.2487],[91.013,22.2417],[91.0153,22.2426],[91.0128,22.2577],[91.0137,22.2698]]],[[[90.9233,22.2315],[90.9315,22.2477],[90.9353,22.2579],[90.9372,22.2663],[90.9392,22.2839],[90.9363,22.2876],[90.9321,22.2825],[90.9284,22.2633],[90.9234,22.2503],[90.9194,22.2352],[90.9233,22.2315]]],[[[90.6644,22.259],[90.6694,22.2655],[90.673,22.2764],[90.6738,22.2903],[90.6712,22.2896],[90.6699,22.2772],[90.6644,22.259]]],[[[90.8987,22.2074],[90.9043,22.2313],[90.9038,22.239],[90.9064,22.2395],[90.909,22.2468],[90.9132,22.279],[90.9129,22.2854],[90.9088,22.2928],[90.9007,22.2709],[90.899,22.2633],[90.8937,22.246],[90.895,22.242],[90.8954,22.2156],[90.8965,22.2089],[90.8987,22.2074]]],[[[90.6488,22.2862],[90.6523,22.2881],[90.65,22.3031],[90.6464,22.3051],[90.6394,22.2934],[90.6355,22.2851],[90.6305,22.2799],[90.6179,22.2693],[90.6134,22.26],[90.6202,22.26],[90.6302,22.2687],[90.6441,22.2853],[90.6488,22.2862]]],[[[90.874,22.2978],[90.8766,22.2982],[90.8795,22.3055],[90.876,22.3058],[90.8715,22.2986],[90.874,22.2978]]],[[[90.9651,22.3],[90.967,22.3077],[90.9645,22.3162],[90.9611,22.3121],[90.9634,22.3013],[90.9651,22.3]]],[[[91.0106,22.2835],[91.0143,22.2889],[91.0161,22.296],[91.0115,22.3062],[91.0047,22.3162],[91.0003,22.3243],[90.9979,22.3222],[91.0012,22.3061],[91.0081,22.2863],[91.0106,22.2835]]],[[[90.9289,22.298],[90.938,22.3034],[90.9405,22.3126],[90.9372,22.3272],[90.9328,22.3248],[90.9346,22.317],[90.928,22.3049],[90.9258,22.299],[90.9289,22.298]]],[[[90.8885,22.3189],[90.8901,22.3264],[90.8863,22.3269],[90.8819,22.3232],[90.8778,22.3172],[90.8885,22.3189]]],[[[91.0194,22.2928],[91.0209,22.307],[91.024,22.3162],[91.0237,22.3194],[91.019,22.3323],[91.0117,22.3362],[91.0077,22.3339],[91.008,22.3232],[91.0093,22.318],[91.0168,22.3063],[91.0194,22.2928]]],[[[90.8583,22.3316],[90.8591,22.338],[90.8538,22.3368],[90.8583,22.3316]]],[[[90.9914,22.3291],[90.9887,22.3439],[90.9836,22.3465],[90.9789,22.3463],[90.9698,22.3431],[90.9718,22.3298],[90.9726,22.3121],[90.972,22.3022],[90.9685,22.2862],[90.9629,22.2703],[90.9598,22.2563],[90.9536,22.2388],[90.9472,22.2252],[90.9347,22.2027],[90.931,22.1937],[90.9194,22.1722],[90.9177,22.1661],[90.91,22.1486],[90.9037,22.1323],[90.9001,22.1209],[90.8944,22.0946],[90.8986,22.0982],[90.901,22.081],[90.9044,22.0757],[90.9114,22.0721],[90.9198,22.0749],[90.9238,22.0829],[90.9292,22.0997],[90.9334,22.1088],[90.9391,22.1182],[90.9488,22.132],[90.9582,22.1433],[90.9717,22.1654],[90.982,22.1865],[90.9891,22.1998],[90.9927,22.2176],[90.9955,22.235],[90.9976,22.2551],[91.0009,22.278],[90.9997,22.2899],[90.9964,22.3029],[90.9925,22.3145],[90.9914,22.3291]]],[[[90.918,22.2855],[90.9213,22.2895],[90.925,22.3042],[90.9297,22.3139],[90.9336,22.3296],[90.9362,22.332],[90.9369,22.3391],[90.9349,22.3441],[90.9296,22.3465],[90.9255,22.3402],[90.9158,22.3186],[90.9107,22.3038],[90.9159,22.2933],[90.918,22.2855]]],[[[90.6741,22.2926],[90.6759,22.3053],[90.6781,22.3154],[90.6796,22.3321],[90.6801,22.35],[90.6764,22.3539],[90.6751,22.3429],[90.6755,22.335],[90.6738,22.313],[90.671,22.2979],[90.6741,22.2926]]],[[[90.8914,22.3552],[90.888,22.3569],[90.8899,22.3817],[90.888,22.3937],[90.8847,22.3951],[90.8739,22.3743],[90.8687,22.3664],[90.8649,22.3566],[90.8665,22.3422],[90.8709,22.334],[90.8787,22.3362],[90.8861,22.3412],[90.8928,22.3506],[90.8914,22.3552]]],[[[90.6678,22.3886],[90.667,22.3968],[90.6652,22.4009],[90.6606,22.4034],[90.6608,22.3949],[90.6643,22.3898],[90.6678,22.3886]]],[[[90.9902,22.391],[90.9889,22.3922],[90.9787,22.4108],[90.9723,22.4206],[90.964,22.4183],[90.9598,22.4155],[90.9502,22.401],[90.9489,22.3915],[90.9521,22.3795],[90.9552,22.3738],[90.9629,22.3661],[90.9899,22.3649],[90.9942,22.3707],[90.9902,22.391]]],[[[90.6726,22.3862],[90.6747,22.392],[90.6732,22.4031],[90.6701,22.4138],[90.6685,22.4236],[90.669,22.4361],[90.6652,22.433],[90.6623,22.4151],[90.6604,22.4095],[90.6692,22.3958],[90.6726,22.3862]]],[[[90.9509,22.4645],[90.9476,22.4637],[90.9379,22.4564],[90.9378,22.4465],[90.9334,22.4325],[90.937,22.4253],[90.943,22.4194],[90.9476,22.418],[90.9655,22.4238],[90.9677,22.4276],[90.9573,22.4531],[90.9509,22.4645]]],[[[90.6652,22.4493],[90.6697,22.4586],[90.6661,22.4645],[90.6631,22.4637],[90.6652,22.4493]]],[[[90.8966,22.4508],[90.902,22.453],[90.9084,22.4631],[90.9045,22.4674],[90.8932,22.4644],[90.8907,22.4584],[90.893,22.4512],[90.8966,22.4508]]],[[[90.6442,22.4624],[90.6469,22.4767],[90.6389,22.4797],[90.6442,22.4624]]],[[[90.6102,22.4726],[90.6067,22.4756],[90.6011,22.4669],[90.6102,22.4726]]],[[[90.8844,22.5171],[90.878,22.521],[90.8687,22.529],[90.8563,22.5422],[90.8524,22.5416],[90.8553,22.533],[90.8605,22.5271],[90.8624,22.5126],[90.8631,22.4986],[90.8664,22.4938],[90.8751,22.4914],[90.8825,22.4907],[90.9039,22.4951],[90.905,22.5023],[90.9002,22.505],[90.8844,22.5171]]],[[[90.8502,22.5368],[90.8509,22.5468],[90.8418,22.5511],[90.8417,22.5408],[90.8462,22.5332],[90.8502,22.5368]]],[[[90.6412,22.5531],[90.6326,22.5541],[90.6177,22.5527],[90.6126,22.5506],[90.6062,22.5439],[90.6023,22.5343],[90.6092,22.524],[90.6199,22.505],[90.6278,22.4941],[90.6357,22.489],[90.636,22.4933],[90.6485,22.4904],[90.6496,22.4934],[90.648,22.5079],[90.6439,22.516],[90.6418,22.5254],[90.6343,22.5345],[90.6363,22.5359],[90.6434,22.5287],[90.6461,22.5337],[90.6491,22.5344],[90.6543,22.5409],[90.652,22.5493],[90.6412,22.5531]]],[[[90.9339,22.4937],[90.9084,22.5373],[90.8938,22.5603],[90.886,22.563],[90.8691,22.5733],[90.8604,22.5793],[90.8431,22.5722],[90.8407,22.5698],[90.841,22.5642],[90.8474,22.5594],[90.864,22.5429],[90.875,22.5309],[90.8939,22.5168],[90.9053,22.5067],[90.9118,22.5031],[90.9176,22.497],[90.922,22.4943],[90.9339,22.4937]]],[[[90.5885,22.5717],[90.5739,22.5818],[90.5623,22.5884],[90.5525,22.5866],[90.5519,22.5769],[90.5589,22.566],[90.5701,22.5567],[90.5942,22.5433],[90.6028,22.5448],[90.607,22.5548],[90.603,22.5587],[90.5933,22.5642],[90.5958,22.5678],[90.5885,22.5717]]],[[[90.5771,22.5907],[90.5611,22.6006],[90.5535,22.6091],[90.5528,22.6124],[90.545,22.6106],[90.5419,22.6028],[90.5489,22.5887],[90.5628,22.5892],[90.5743,22.5827],[90.5811,22.5777],[90.5904,22.5724],[90.592,22.5741],[90.5867,22.5818],[90.5771,22.5907]]],[[[90.535,22.6179],[90.535,22.6096],[90.5407,22.6077],[90.5447,22.6157],[90.5419,22.6179],[90.535,22.6179]]],[[[90.5353,22.595],[90.5336,22.604],[90.5274,22.6149],[90.5279,22.6261],[90.5349,22.641],[90.5251,22.6406],[90.5206,22.638],[90.5237,22.5982],[90.5226,22.5879],[90.5236,22.578],[90.5311,22.5774],[90.536,22.581],[90.5464,22.5712],[90.5479,22.5751],[90.5405,22.5859],[90.5353,22.595]]],[[[90.7118,22.6505],[90.7085,22.6629],[90.7037,22.6667],[90.7017,22.6621],[90.7094,22.6521],[90.7118,22.6505]]],[[[90.7445,22.6698],[90.7415,22.6751],[90.741,22.6836],[90.7341,22.6872],[90.7306,22.6795],[90.731,22.669],[90.7418,22.6678],[90.7445,22.6698]]],[[[90.5446,22.7008],[90.5394,22.7036],[90.5291,22.7055],[90.5221,22.6993],[90.5188,22.6928],[90.5203,22.6763],[90.518,22.6584],[90.5198,22.646],[90.5225,22.6406],[90.5259,22.6424],[90.5356,22.6425],[90.5381,22.6445],[90.5397,22.6511],[90.5408,22.6665],[90.5458,22.6503],[90.5505,22.6469],[90.5563,22.6486],[90.5633,22.6471],[90.5663,22.6484],[90.5706,22.6569],[90.5716,22.6675],[90.5691,22.6815],[90.5669,22.6893],[90.568,22.6976],[90.5641,22.6999],[90.5587,22.699],[90.5471,22.6992],[90.5446,22.7008]]],[[[90.5377,22.7102],[90.5376,22.713],[90.5321,22.7197],[90.5276,22.7208],[90.5265,22.7083],[90.5336,22.708],[90.5377,22.7102]]],[[[90.7277,22.7288],[90.7184,22.7383],[90.7088,22.7509],[90.7049,22.7517],[90.6997,22.7352],[90.6952,22.7261],[90.6961,22.7194],[90.6991,22.7161],[90.7168,22.6848],[90.7213,22.6796],[90.723,22.6944],[90.7274,22.7028],[90.7276,22.7182],[90.7225,22.7241],[90.7277,22.7288]]],[[[90.6851,22.7628],[90.6833,22.7644],[90.6777,22.7593],[90.6793,22.755],[90.6868,22.7569],[90.6851,22.7628]]],[[[90.4575,22.7549],[90.4569,22.7615],[90.4524,22.767],[90.4418,22.7633],[90.4449,22.7591],[90.4575,22.7549]]],[[[90.6874,22.7785],[90.6829,22.7794],[90.6764,22.7736],[90.6839,22.7721],[90.6874,22.7785]]],[[[90.5247,22.7214],[90.5248,22.7356],[90.5215,22.7479],[90.5215,22.7618],[90.5245,22.7749],[90.5293,22.7858],[90.529,22.7874],[90.5145,22.8015],[90.5077,22.7976],[90.5016,22.7914],[90.5026,22.7857],[90.5016,22.7748],[90.4987,22.7699],[90.4905,22.7626],[90.4852,22.7553],[90.486,22.7524],[90.4928,22.7477],[90.4952,22.744],[90.4977,22.7312],[90.505,22.7205],[90.5187,22.7102],[90.5233,22.712],[90.5247,22.7214]]],[[[90.6134,22.8042],[90.5994,22.8082],[90.5895,22.8043],[90.5785,22.8028],[90.5682,22.7995],[90.5547,22.792],[90.5413,22.783],[90.535,22.7761],[90.5295,22.7678],[90.5309,22.7642],[90.5281,22.7544],[90.5307,22.7385],[90.5356,22.735],[90.5414,22.736],[90.5437,22.7319],[90.5435,22.7247],[90.5468,22.7069],[90.5487,22.703],[90.5563,22.7035],[90.5613,22.7073],[90.568,22.7044],[90.5708,22.6981],[90.572,22.6886],[90.5769,22.673],[90.5775,22.6604],[90.5758,22.654],[90.5722,22.649],[90.5657,22.6444],[90.5524,22.6416],[90.5367,22.6317],[90.5336,22.6275],[90.5343,22.6192],[90.5421,22.6189],[90.548,22.6159],[90.5544,22.6144],[90.5594,22.6077],[90.5769,22.5981],[90.5929,22.5825],[90.6003,22.5711],[90.6078,22.565],[90.6209,22.5588],[90.6183,22.5668],[90.6178,22.5733],[90.6194,22.5821],[90.6186,22.5847],[90.6084,22.6003],[90.6095,22.6089],[90.6172,22.6299],[90.615,22.6154],[90.6097,22.6005],[90.6181,22.592],[90.6219,22.5784],[90.6215,22.567],[90.6472,22.5611],[90.6571,22.5566],[90.6669,22.547],[90.6704,22.534],[90.6704,22.5274],[90.6675,22.5089],[90.6678,22.5019],[90.672,22.481],[90.6717,22.4737],[90.6737,22.4702],[90.674,22.4592],[90.6719,22.433],[90.6717,22.4241],[90.6775,22.3964],[90.6778,22.3886],[90.6746,22.3693],[90.6753,22.3657],[90.6814,22.3601],[90.6824,22.3445],[90.6844,22.3318],[90.6832,22.3163],[90.6801,22.302],[90.6778,22.2788],[90.6763,22.2715],[90.6722,22.2618],[90.6645,22.2497],[90.6574,22.2309],[90.6508,22.2161],[90.6401,22.1996],[90.6255,22.1825],[90.6215,22.1796],[90.6173,22.169],[90.6209,22.17],[90.6231,22.1661],[90.6202,22.1434],[90.6209,22.1167],[90.6189,22.1009],[90.6155,22.09],[90.6103,22.0784],[90.5983,22.0472],[90.5966,22.0408],[90.5969,22.0345],[90.6059,22.0226],[90.6083,22.0175],[90.6163,22.0066],[90.6187,22.0059],[90.6293,21.9941],[90.6385,21.9934],[90.6423,21.9947],[90.6534,21.9951],[90.6705,21.9987],[90.6846,21.9998],[90.6988,22.0072],[90.7054,22.0115],[90.7111,22.0169],[90.7167,22.0272],[90.7243,22.0368],[90.7307,22.0424],[90.7408,22.0531],[90.7567,22.0607],[90.7637,22.0653],[90.7765,22.0767],[90.781,22.0775],[90.7915,22.0954],[90.7954,22.1079],[90.8033,22.1143],[90.8059,22.1198],[90.8105,22.125],[90.8148,22.1407],[90.8172,22.1597],[90.8234,22.1814],[90.8269,22.1977],[90.8302,22.2164],[90.8306,22.2226],[90.8412,22.2659],[90.843,22.2862],[90.8429,22.2922],[90.8361,22.3248],[90.8356,22.3335],[90.8364,22.3458],[90.8408,22.3672],[90.8437,22.3758],[90.8483,22.3861],[90.8583,22.3993],[90.8645,22.4109],[90.8651,22.421],[90.8636,22.4288],[90.8608,22.4322],[90.8481,22.4396],[90.8372,22.4518],[90.8312,22.4572],[90.8221,22.4723],[90.8152,22.4798],[90.7983,22.4927],[90.7803,22.5091],[90.7731,22.5177],[90.7663,22.5302],[90.7619,22.5442],[90.7588,22.5787],[90.7593,22.5926],[90.7532,22.603],[90.7387,22.6163],[90.7257,22.6188],[90.7256,22.6215],[90.7152,22.6317],[90.7004,22.6576],[90.6981,22.6765],[90.689,22.6833],[90.6806,22.6983],[90.6786,22.7122],[90.6765,22.719],[90.6718,22.7229],[90.6695,22.7324],[90.6627,22.7457],[90.6593,22.761],[90.6596,22.7744],[90.6565,22.7825],[90.6491,22.7892],[90.6378,22.7966],[90.624,22.8035],[90.6134,22.8042]]],[[[90.6761,22.8076],[90.6698,22.8105],[90.6608,22.8074],[90.6441,22.8055],[90.649,22.8],[90.6615,22.799],[90.6628,22.8011],[90.6753,22.8043],[90.6761,22.8076]]],[[[90.4931,22.8081],[90.5061,22.8151],[90.507,22.8199],[90.4986,22.8212],[90.4918,22.8166],[90.4914,22.8104],[90.4931,22.8081]]],[[[90.5202,22.8774],[90.518,22.8812],[90.5104,22.878],[90.4963,22.8684],[90.4824,22.8541],[90.4855,22.8458],[90.4933,22.8532],[90.4982,22.8562],[90.5202,22.8774]]],[[[90.6514,22.8481],[90.6364,22.86],[90.623,22.8698],[90.6062,22.8743],[90.598,22.8756],[90.5799,22.8768],[90.5709,22.8788],[90.5549,22.8873],[90.5494,22.8888],[90.5336,22.889],[90.5255,22.8832],[90.5252,22.8806],[90.5084,22.8648],[90.5014,22.8556],[90.4934,22.8513],[90.4909,22.8487],[90.4882,22.8402],[90.4867,22.829],[90.4857,22.7993],[90.4909,22.7966],[90.4941,22.7994],[90.4919,22.803],[90.4901,22.8116],[90.4923,22.8186],[90.5007,22.8225],[90.5086,22.8224],[90.5087,22.8165],[90.5042,22.8119],[90.4948,22.808],[90.4967,22.8016],[90.5071,22.8046],[90.517,22.8041],[90.5258,22.7996],[90.5306,22.7993],[90.5406,22.7944],[90.559,22.8051],[90.5712,22.81],[90.5857,22.8129],[90.6132,22.8139],[90.6261,22.8119],[90.6376,22.808],[90.6497,22.807],[90.6574,22.8088],[90.6609,22.8082],[90.6708,22.8111],[90.6763,22.8174],[90.6719,22.8276],[90.6687,22.8323],[90.6563,22.8448],[90.6543,22.8432],[90.6467,22.8438],[90.6514,22.8481]]],[[[90.6065,22.8885],[90.6019,22.8968],[90.599,22.8892],[90.601,22.885],[90.6065,22.8885]]],[[[90.5969,22.911],[90.5907,22.911],[90.5832,22.9078],[90.5752,22.9069],[90.5657,22.9013],[90.5686,22.8988],[90.565,22.8955],[90.5661,22.8906],[90.57,22.887],[90.5834,22.8834],[90.5935,22.8827],[90.5981,22.8863],[90.598,22.8935],[90.6012,22.9004],[90.5969,22.911]]],[[[90.6759,22.9209],[90.6668,22.9277],[90.6677,22.9158],[90.6728,22.9117],[90.6759,22.9209]]],[[[90.6569,22.9282],[90.6528,22.9298],[90.6495,22.9262],[90.6515,22.9204],[90.6495,22.9131],[90.6532,22.9125],[90.6538,22.9065],[90.6586,22.9024],[90.6616,22.9087],[90.6601,22.9159],[90.6613,22.9228],[90.6569,22.9282]]],[[[90.6769,22.9314],[90.6678,22.9397],[90.6663,22.9435],[90.6641,22.9428],[90.667,22.9353],[90.6743,22.9278],[90.6768,22.9267],[90.6839,22.9108],[90.6887,22.9161],[90.6874,22.9184],[90.6785,22.9256],[90.6769,22.9314]]],[[[90.4584,23.004],[90.4517,23.0063],[90.441,23.0046],[90.4351,23.0049],[90.4145,23.002],[90.413,22.999],[90.4201,22.9924],[90.4301,22.989],[90.4338,22.9899],[90.4447,22.9881],[90.4581,22.9877],[90.4733,22.9825],[90.4746,22.9901],[90.4673,22.9951],[90.4628,22.9942],[90.4584,23.004]]],[[[90.5896,23.0249],[90.5904,23.0045],[90.5949,23.0043],[90.5963,23.0164],[90.5896,23.0249]]],[[[90.4757,23.0076],[90.476,23.0006],[90.481,22.9951],[90.4808,22.9899],[90.4829,22.9864],[90.4812,22.9811],[90.483,22.9748],[90.4939,22.9639],[90.4971,22.9582],[90.5032,22.9604],[90.5111,22.9553],[90.5137,22.9557],[90.527,22.9411],[90.534,22.9302],[90.5371,22.9229],[90.5405,22.9111],[90.5392,22.8972],[90.5469,22.8966],[90.558,22.9003],[90.5713,22.9112],[90.5815,22.916],[90.5867,22.9195],[90.5922,22.9284],[90.5908,22.9374],[90.5869,22.9453],[90.5655,22.9709],[90.5479,22.9878],[90.5384,22.9997],[90.5284,23.0162],[90.5146,23.0323],[90.5102,23.0341],[90.4977,23.0276],[90.496,23.0247],[90.4898,23.0225],[90.4892,23.014],[90.4847,23.0136],[90.4757,23.0076]]],[[[90.5668,23.0435],[90.5675,23.0358],[90.5729,23.0212],[90.5816,23.0039],[90.5836,22.9975],[90.5884,22.9971],[90.5865,23.0048],[90.5887,23.0254],[90.5733,23.0368],[90.5668,23.0435]]],[[[90.5656,23.0449],[90.5596,23.0515],[90.5483,23.0597],[90.5447,23.0538],[90.5441,23.0471],[90.5415,23.0376],[90.542,23.029],[90.5469,23.0189],[90.5462,23.011],[90.5596,22.9992],[90.5661,23.0056],[90.5743,22.9997],[90.576,23.0012],[90.5742,23.0083],[90.5669,23.0271],[90.5609,23.0333],[90.5659,23.036],[90.5656,23.0449]]],[[[90.4978,23.0488],[90.4985,23.069],[90.4826,23.0656],[90.4869,23.0552],[90.4874,23.0502],[90.4978,23.0488]]],[[[90.4173,23.0072],[90.4079,23.0071],[90.4076,23.0171],[90.4123,23.0227],[90.4214,23.0285],[90.4237,23.033],[90.4227,23.0389],[90.419,23.0412],[90.4084,23.0417],[90.3944,23.0473],[90.389,23.0519],[90.3846,23.0513],[90.3831,23.0563],[90.3788,23.055],[90.3731,23.0558],[90.3684,23.0586],[90.3657,23.0562],[90.3603,23.0573],[90.356,23.0551],[90.3487,23.0567],[90.3439,23.0556],[90.3349,23.0559],[90.33,23.058],[90.3158,23.0529],[90.3157,23.0399],[90.3143,23.0369],[90.3193,23.0258],[90.3234,23.0231],[90.3268,23.0179],[90.3294,23.0074],[90.3276,22.9966],[90.3245,22.9888],[90.3199,22.9815],[90.3013,22.9761],[90.2954,22.9753],[90.2909,22.9725],[90.2805,22.9749],[90.2711,22.9725],[90.2588,22.9648],[90.2558,22.9663],[90.2591,22.9717],[90.2542,22.9753],[90.2474,22.9746],[90.2399,22.9667],[90.236,22.9681],[90.2302,22.9787],[90.2295,22.9841],[90.2312,22.9953],[90.2345,23.0022],[90.2327,23.018],[90.234,23.027],[90.2384,23.0367],[90.2368,23.0445],[90.2318,23.0462],[90.2254,23.0533],[90.2262,23.0573],[90.2219,23.061],[90.2209,23.0648],[90.2138,23.0699],[90.2075,23.0657],[90.203,23.0604],[90.2034,23.0559],[90.1948,23.0545],[90.1927,23.0582],[90.1829,23.0586],[90.1726,23.0665],[90.165,23.0676],[90.1582,23.0633],[90.1595,23.0587],[90.155,23.0527],[90.1484,23.0549],[90.1375,23.0533],[90.1351,23.05],[90.1435,23.0489],[90.1432,23.0454],[90.1365,23.0441],[90.1321,23.0345],[90.127,23.0259],[90.1292,23.0243],[90.1267,23.0057],[90.1242,23.0051],[90.0948,23.0068],[90.0893,22.9953],[90.0879,22.9888],[90.0827,22.9836],[90.0775,22.9828],[90.0753,22.977],[90.0697,22.9684],[90.0593,22.9714],[90.0573,22.969],[90.0568,22.9613],[90.0586,22.9569],[90.057,22.9529],[90.0573,22.9468],[90.0608,22.9438],[90.0565,22.932],[90.0348,22.9338],[90.033,22.9203],[90.0272,22.906],[90.0226,22.8998],[90.0205,22.8855],[90.0179,22.8801],[90.0187,22.8719],[90.0155,22.8683],[90.0095,22.867],[89.9991,22.8672],[89.9868,22.8655],[89.9863,22.8618],[89.9797,22.8594],[89.9698,22.8586],[89.967,22.8537],[89.9554,22.8535],[89.9456,22.8626],[89.9415,22.863],[89.9438,22.8565],[89.9437,22.8496],[89.9403,22.8454],[89.9443,22.8373],[89.9458,22.8317],[89.9444,22.8257],[89.939,22.8245],[89.9289,22.816],[89.9153,22.8074],[89.9141,22.8005],[89.9158,22.7983],[89.9241,22.7959],[89.9278,22.7966],[89.9316,22.7941],[89.938,22.7865],[89.9322,22.782],[89.9224,22.7843],[89.9172,22.7802],[89.9169,22.7772],[89.9054,22.7744],[89.9051,22.7701],[89.9089,22.7653],[89.9102,22.7578],[89.9154,22.7515],[89.9247,22.7542],[89.9306,22.7535],[89.9328,22.7471],[89.9324,22.7256],[89.9282,22.722],[89.9124,22.7264],[89.9027,22.7251],[89.8863,22.7151],[89.8747,22.71],[89.8625,22.702],[89.8616,22.697],[89.8673,22.6918],[89.8812,22.6937],[89.9033,22.6954],[89.9209,22.6916],[89.9333,22.6839],[89.9371,22.6794],[89.9331,22.6748],[89.9266,22.671],[89.9141,22.6598],[89.9092,22.6595],[89.8999,22.6729],[89.8967,22.675],[89.8929,22.6728],[89.8901,22.6638],[89.8959,22.6563],[89.9092,22.6507],[89.9179,22.6484],[89.924,22.6455],[89.9272,22.6409],[89.9239,22.621],[89.9198,22.6072],[89.9206,22.6062],[89.9414,22.6015],[89.9577,22.5986],[89.9607,22.5966],[89.9627,22.5891],[89.9608,22.5772],[89.9585,22.5727],[89.9581,22.5641],[89.9539,22.5535],[89.9443,22.538],[89.9303,22.5238],[89.9235,22.5125],[89.9241,22.5095],[89.9318,22.5081],[89.9549,22.5084],[89.9646,22.5077],[89.9685,22.5052],[89.9684,22.497],[89.9648,22.4925],[89.9499,22.4922],[89.9317,22.4968],[89.9139,22.5054],[89.8916,22.5068],[89.8846,22.5027],[89.8819,22.4963],[89.8841,22.4856],[89.8924,22.4773],[89.897,22.4749],[89.9127,22.4736],[89.9254,22.4778],[89.9307,22.4779],[89.9382,22.4752],[89.9425,22.4717],[89.9446,22.4664],[89.9438,22.4595],[89.9398,22.4534],[89.93,22.4463],[89.9253,22.4454],[89.9107,22.4473],[89.9016,22.4441],[89.8918,22.4375],[89.8863,22.4305],[89.8774,22.4283],[89.8741,22.4252],[89.8709,22.4171],[89.8715,22.4116],[89.8751,22.4062],[89.885,22.3971],[89.8982,22.3823],[89.9011,22.3759],[89.9016,22.3697],[89.9003,22.3613],[89.8956,22.3469],[89.8919,22.3409],[89.8852,22.333],[89.8757,22.3201],[89.8676,22.3046],[89.8624,22.2911],[89.8588,22.2766],[89.8579,22.2693],[89.8578,22.2561],[89.8598,22.2413],[89.8648,22.2257],[89.8759,22.21],[89.8819,22.1957],[89.8859,22.1773],[89.8976,22.1783],[89.9019,22.1626],[89.908,22.1579],[89.9072,22.1556],[89.9109,22.1433],[89.9118,22.1326],[89.9108,22.1263],[89.9103,22.1083],[89.9079,22.0953],[89.901,22.0731],[89.9076,22.0595],[89.9118,22.0469],[89.9147,22.0287],[89.9165,22.0239],[89.9287,22.0119],[89.9328,22.0054],[89.936,21.995],[89.937,21.9842],[89.9323,21.9784],[89.9364,21.9739],[89.9359,21.9695],[89.9382,21.9663],[89.9383,21.9589],[89.9471,21.9512],[89.9567,21.9467],[89.9691,21.9474],[89.9745,21.9487],[89.9792,21.9527],[89.9858,21.9553],[89.9885,21.9658],[89.9837,21.9845],[89.9812,21.9909],[89.9789,22.0011],[89.9739,22.0092],[89.9714,22.0166],[89.9712,22.024],[89.9735,22.0357],[89.9775,22.043],[89.9838,22.051],[90.0027,22.0617],[90.014,22.0701],[90.0195,22.0755],[90.0226,22.0811],[90.0216,22.0887],[90.0135,22.1031],[90.0129,22.1161],[90.0143,22.1235],[90.0202,22.1353],[90.0313,22.1463],[90.038,22.1507],[90.0601,22.1612],[90.0562,22.164],[90.0428,22.1658],[90.0306,22.1692],[90.0233,22.1736],[90.0197,22.1773],[90.0198,22.1877],[90.0233,22.1873],[90.0234,22.1814],[90.0314,22.1778],[90.0419,22.1809],[90.0335,22.1866],[90.0396,22.1874],[90.0581,22.1792],[90.0654,22.1735],[90.0679,22.17],[90.0707,22.1607],[90.068,22.1521],[90.0655,22.149],[90.0358,22.1303],[90.0332,22.1241],[90.0303,22.1081],[90.0312,22.0967],[90.0342,22.0867],[90.0357,22.0777],[90.0352,22.0685],[90.0302,22.0549],[90.0252,22.048],[90.0205,22.0442],[90.0123,22.0408],[89.9936,22.0385],[89.9883,22.0366],[89.9867,22.0318],[89.9885,22.0228],[89.9962,21.9999],[90.0062,21.99],[90.0165,21.9834],[90.0299,21.9831],[90.0521,21.9812],[90.0565,21.9788],[90.0591,21.998],[90.0605,22.0041],[90.0609,22.0127],[90.0646,22.024],[90.0809,22.053],[90.0858,22.0598],[90.0999,22.0718],[90.1092,22.0764],[90.1229,22.0862],[90.1365,22.1006],[90.144,22.1145],[90.1548,22.1231],[90.166,22.1263],[90.1765,22.1275],[90.1861,22.1253],[90.1995,22.1236],[90.2044,22.126],[90.2087,22.1432],[90.2102,22.1528],[90.2239,22.1452],[90.225,22.1417],[90.2226,22.1319],[90.2167,22.1205],[90.2074,22.1125],[90.1984,22.1081],[90.1925,22.1064],[90.1814,22.1064],[90.1776,22.1076],[90.1642,22.1149],[90.1581,22.1137],[90.151,22.099],[90.1403,22.0843],[90.1255,22.0704],[90.113,22.0604],[90.0973,22.0496],[90.0903,22.0415],[90.0806,22.0197],[90.0765,22.0087],[90.0748,22.0015],[90.075,21.9948],[90.0769,21.9905],[90.0762,21.9796],[90.0734,21.9727],[90.0647,21.9636],[90.054,21.9555],[90.0457,21.9519],[90.0317,21.9484],[90.0286,21.9452],[90.0259,21.9387],[90.0232,21.926],[90.0235,21.9172],[90.0277,21.9154],[90.0227,21.9084],[90.0249,21.8989],[90.0232,21.8917],[90.024,21.8838],[90.0307,21.8761],[90.0461,21.8651],[90.0581,21.8613],[90.066,21.8601],[90.0765,21.8623],[90.0808,21.8671],[90.089,21.8727],[90.099,21.8826],[90.1036,21.8883],[90.1143,21.9042],[90.1113,21.9172],[90.1118,21.9222],[90.1182,21.9287],[90.1237,21.9296],[90.1343,21.9287],[90.1434,21.9291],[90.1445,21.9315],[90.1345,21.9445],[90.1326,21.9533],[90.1352,21.9599],[90.1441,21.9697],[90.1537,21.9821],[90.1588,21.9842],[90.1639,21.9841],[90.1737,21.9774],[90.1812,21.9806],[90.2021,21.9826],[90.2104,21.9859],[90.2173,21.985],[90.227,21.9803],[90.2333,21.9743],[90.2401,21.9646],[90.2555,21.9536],[90.2594,21.9596],[90.2606,21.968],[90.2647,21.9764],[90.2695,21.9817],[90.2789,21.9881],[90.2838,21.9927],[90.2803,22.004],[90.2723,22.0153],[90.2717,22.0213],[90.284,22.0037],[90.287,21.9937],[90.2978,21.992],[90.3021,21.9884],[90.3037,21.9828],[90.3076,21.9823],[90.311,21.9879],[90.3194,22.0111],[90.3231,22.0186],[90.3294,22.0418],[90.3316,22.0469],[90.3378,22.0553],[90.3459,22.0626],[90.3636,22.0718],[90.3744,22.0788],[90.3781,22.0866],[90.3743,22.1031],[90.3739,22.108],[90.3764,22.1206],[90.3855,22.1373],[90.3966,22.1457],[90.3985,22.1491],[90.3958,22.1646],[90.3982,22.1716],[90.4012,22.1752],[90.4092,22.1796],[90.4193,22.1832],[90.4266,22.1876],[90.4342,22.1867],[90.4321,22.1815],[90.427,22.179],[90.4106,22.1751],[90.4066,22.1725],[90.4045,22.1645],[90.4063,22.1517],[90.4051,22.1428],[90.4009,22.1334],[90.388,22.1214],[90.3868,22.1057],[90.3908,22.0894],[90.3959,22.0891],[90.4078,22.0835],[90.4255,22.0826],[90.432,22.0779],[90.4408,22.0838],[90.4495,22.092],[90.4651,22.1091],[90.4763,22.125],[90.4881,22.1396],[90.495,22.1503],[90.4978,22.1588],[90.493,22.1747],[90.4921,22.1833],[90.4889,22.1917],[90.4859,22.1958],[90.486,22.2016],[90.4944,22.1856],[90.4969,22.1721],[90.5025,22.1665],[90.5184,22.1765],[90.5233,22.1958],[90.5293,22.2073],[90.542,22.22],[90.5552,22.2343],[90.5675,22.2442],[90.582,22.2542],[90.5898,22.2613],[90.5939,22.267],[90.6028,22.285],[90.6115,22.3133],[90.6151,22.3109],[90.6275,22.3121],[90.6271,22.3096],[90.6181,22.2951],[90.6169,22.2857],[90.6173,22.2742],[90.6205,22.2753],[90.6344,22.2869],[90.6462,22.3067],[90.6433,22.3139],[90.6606,22.3177],[90.6619,22.3251],[90.6625,22.3402],[90.6607,22.3558],[90.6644,22.3521],[90.6691,22.3513],[90.6695,22.3633],[90.6677,22.379],[90.657,22.3831],[90.6432,22.3814],[90.6413,22.398],[90.6415,22.4087],[90.6387,22.4183],[90.6408,22.4189],[90.6414,22.4267],[90.6435,22.4352],[90.6446,22.4522],[90.6435,22.4548],[90.6345,22.46],[90.6323,22.463],[90.6352,22.4726],[90.6334,22.476],[90.6257,22.4783],[90.6178,22.4761],[90.6078,22.4635],[90.5946,22.4453],[90.5916,22.4359],[90.5918,22.4248],[90.5969,22.4235],[90.6078,22.4126],[90.615,22.4071],[90.6157,22.404],[90.6079,22.4041],[90.6034,22.4093],[90.5899,22.4201],[90.5863,22.4284],[90.5868,22.4394],[90.5893,22.4494],[90.6007,22.4702],[90.6048,22.476],[90.6093,22.486],[90.6093,22.4892],[90.6056,22.4999],[90.6003,22.5101],[90.5929,22.5197],[90.591,22.5243],[90.5915,22.5293],[90.5758,22.5435],[90.5506,22.5558],[90.5283,22.5716],[90.5164,22.5761],[90.5113,22.5807],[90.4976,22.5809],[90.4851,22.579],[90.4775,22.5789],[90.477,22.5855],[90.4884,22.586],[90.5007,22.5841],[90.5069,22.5874],[90.51,22.5969],[90.5109,22.6074],[90.5058,22.6359],[90.5032,22.6548],[90.5033,22.6594],[90.5058,22.676],[90.5052,22.6897],[90.5038,22.6948],[90.4991,22.6951],[90.4914,22.6893],[90.4886,22.6791],[90.485,22.6763],[90.4841,22.6725],[90.4779,22.6673],[90.4791,22.6746],[90.4854,22.6789],[90.4903,22.6908],[90.4938,22.6943],[90.5036,22.7],[90.5046,22.7031],[90.5035,22.71],[90.4939,22.7232],[90.4705,22.7438],[90.4598,22.7519],[90.4517,22.7555],[90.4323,22.7581],[90.4354,22.7623],[90.4367,22.7682],[90.4314,22.7804],[90.4337,22.781],[90.4399,22.7665],[90.4466,22.7669],[90.4483,22.7755],[90.4408,22.7838],[90.4463,22.7873],[90.4548,22.7734],[90.4631,22.7675],[90.474,22.7544],[90.4846,22.7439],[90.4883,22.7464],[90.4814,22.7496],[90.4797,22.7563],[90.4834,22.7666],[90.4906,22.7689],[90.4916,22.7761],[90.4963,22.7791],[90.4939,22.7888],[90.4847,22.7926],[90.4781,22.7978],[90.4736,22.797],[90.4677,22.7984],[90.4596,22.8029],[90.4511,22.806],[90.4425,22.8057],[90.4433,22.7944],[90.4377,22.7944],[90.4379,22.802],[90.4396,22.8074],[90.4447,22.8141],[90.4463,22.8276],[90.453,22.8564],[90.4526,22.8657],[90.4454,22.8738],[90.4476,22.8769],[90.4518,22.8716],[90.4548,22.8652],[90.4554,22.8524],[90.4518,22.8304],[90.4527,22.827],[90.4518,22.8163],[90.455,22.8124],[90.4601,22.8109],[90.466,22.8028],[90.4714,22.8071],[90.4675,22.8102],[90.4737,22.8132],[90.4765,22.8219],[90.4765,22.8362],[90.4743,22.8594],[90.4753,22.8654],[90.4866,22.8764],[90.5003,22.8842],[90.509,22.8902],[90.5178,22.8939],[90.5233,22.8945],[90.5292,22.8994],[90.5309,22.9073],[90.5312,22.9201],[90.5288,22.9257],[90.5233,22.9342],[90.5162,22.9427],[90.496,22.9497],[90.4843,22.9584],[90.479,22.9656],[90.4732,22.977],[90.4624,22.9815],[90.4548,22.9828],[90.4526,22.9847],[90.446,22.9839],[90.4279,22.987],[90.4196,22.9899],[90.4102,22.9989],[90.41,23.0048],[90.4173,23.0072]]]]},"properties":{"division":"Barisal"}},
{"type":"Feature","geometry":{"type":"MultiPolygon","coordinates":[[[[91.0151,22.1757],[91.0186,22.1733],[91.0245,22.1771],[91.027,22.1834],[91.0311,22.1983],[91.0292,22.1996],[91.0226,22.195],[91.0175,22.187],[91.017,22.1787],[91.0151,22.1757]]],[[[91.0153,22.2426],[91.0257,22.2635],[91.0291,22.2717],[91.0296,22.2855],[91.0349,22.3047],[91.0366,22.3203],[91.0345,22.3241],[91.019,22.3323],[91.0237,22.3194],[91.024,22.3162],[91.0209,22.307],[91.0194,22.2928],[91.0202,22.2857],[91.0183,22.2772],[91.0137,22.2698],[91.0128,22.2577],[91.0153,22.2426]]],[[[90.9902,22.391],[90.9868,22.4031],[90.9825,22.4144],[90.9791,22.419],[90.9723,22.4206],[90.9787,22.4108],[90.9889,22.3922],[90.9902,22.391]]],[[[90.9677,22.4276],[90.9673,22.4378],[90.9694,22.4519],[90.978,22.4645],[90.9765,22.4677],[90.9708,22.47],[90.962,22.471],[90.9509,22.4645],[90.9573,22.4531],[90.9677,22.4276]]],[[[90.9339,22.4937],[90.9382,22.4965],[90.9532,22.4971],[90.9581,22.4989],[90.9775,22.5037],[90.9821,22.507],[90.9817,22.5129],[90.9744,22.525],[90.9678,22.5322],[90.961,22.5363],[90.9544,22.5419],[90.9511,22.5473],[90.9224,22.5525],[90.9071,22.5561],[90.8938,22.5603],[90.9084,22.5373],[90.9339,22.4937]]],[[[90.6563,22.8448],[90.6514,22.8481],[90.6467,22.8438],[90.6543,22.8432],[90.6563,22.8448]]],[[[90.6846,22.9032],[90.6872,22.8986],[90.6935,22.8984],[90.6891,22.9037],[90.6846,22.9032]]],[[[90.6874,22.9184],[90.6836,22.925],[90.6769,22.9314],[90.6785,22.9256],[90.6874,22.9184]]],[[[90.6769,22.9314],[90.6729,22.9378],[90.6663,22.9435],[90.6678,22.9397],[90.6769,22.9314]]],[[[90.6017,23.0099],[90.6017,23.0177],[90.6079,23.0265],[90.6084,23.0292],[90.6037,23.0346],[90.5971,23.0392],[90.5953,23.0459],[90.5895,23.0438],[90.5923,23.0352],[90.5888,23.0283],[90.5896,23.0249],[90.5963,23.0164],[90.5976,23.0149],[90.6017,23.0099]]],[[[90.5887,23.0254],[90.5858,23.034],[90.586,23.0442],[90.5804,23.0576],[90.576,23.0592],[90.5698,23.0582],[90.5672,23.0542],[90.5668,23.0435],[90.5733,23.0368],[90.5887,23.0254]]],[[[90.5656,23.0449],[90.5675,23.0578],[90.5716,23.0602],[90.5806,23.0601],[90.5864,23.0672],[90.5836,23.0738],[90.5785,23.0781],[90.5773,23.0868],[90.5678,23.0867],[90.5625,23.0801],[90.563,23.0755],[90.5604,23.0726],[90.5531,23.0686],[90.5536,23.0658],[90.5483,23.0597],[90.5596,23.0515],[90.5656,23.0449]]],[[[92.3272,20.6354],[92.3226,20.6355],[92.3173,20.6327],[92.315,20.6281],[92.3192,20.6251],[92.3249,20.6183],[92.3267,20.6036],[92.3243,20.6011],[92.3246,20.5946],[92.3269,20.5908],[92.3316,20.5909],[92.332,20.6011],[92.3295,20.6062],[92.3261,20.6188],[92.3262,20.6305],[92.3272,20.6354]]],[[[92.2867,20.9045],[92.2854,20.9105],[92.2778,20.9229],[92.2735,20.926],[92.2718,20.9224],[92.2797,20.9096],[92.2867,20.9045]]],[[[91.8413,21.5277],[91.8411,21.5368],[91.838,21.5349],[91.8413,21.5277]]],[[[91.9921,21.594],[91.9983,21.6007],[91.9961,21.6076],[91.9924,21.6026],[91.9921,21.594]]],[[[91.8633,21.6006],[91.8662,21.6176],[91.8656,21.6225],[91.8545,21.6156],[91.8507,21.6114],[91.8466,21.6101],[91.8491,21.5988],[91.8519,21.5951],[91.8522,21.5836],[91.856,21.5822],[91.861,21.5874],[91.8633,21.6006]]],[[[92.0064,21.6016],[92.009,21.6085],[92.0062,21.6166],[92.0007,21.6212],[92.0064,21.6016]]],[[[91.8702,21.9231],[91.8641,21.9196],[91.8622,21.9147],[91.8567,21.9073],[91.8463,21.8994],[91.8477,21.8898],[91.8461,21.8871],[91.8472,21.8797],[91.8426,21.8754],[91.8408,21.8587],[91.844,21.8535],[91.85,21.8369],[91.8511,21.8273],[91.8506,21.8213],[91.8479,21.8147],[91.8433,21.8088],[91.8421,21.8051],[91.8449,21.7783],[91.8447,21.7754],[91.8374,21.7672],[91.8331,21.7603],[91.8292,21.7393],[91.8294,21.7232],[91.8343,21.7211],[91.8434,21.7221],[91.846,21.7253],[91.8452,21.7406],[91.8507,21.7451],[91.8572,21.7661],[91.8678,21.7914],[91.8773,21.8214],[91.8863,21.8393],[91.8946,21.8608],[91.896,21.877],[91.8944,21.8906],[91.8904,21.9008],[91.8798,21.9211],[91.8702,21.9231]]],[[[91.0827,22.0535],[91.0846,22.0589],[91.0831,22.0637],[91.0803,22.0646],[91.069,22.0632],[91.0487,22.0542],[91.0484,22.0486],[91.0566,22.0509],[91.055,22.0379],[91.0571,22.0308],[91.0661,22.0367],[91.0719,22.0448],[91.0827,22.0535]]],[[[91.031,22.0838],[91.0252,22.0853],[91.0144,22.0926],[91.0086,22.0978],[91.0015,22.1005],[90.9985,22.0997],[90.9821,22.0857],[90.9783,22.0815],[90.9731,22.0717],[90.9723,22.0629],[90.973,22.0497],[90.9749,22.0471],[90.976,22.0374],[90.9793,22.0302],[90.9842,22.028],[90.989,22.023],[90.996,22.0253],[91.0005,22.0294],[91.0084,22.0334],[91.0224,22.0439],[91.0183,22.0345],[91.0243,22.0337],[91.0354,22.0425],[91.0387,22.0521],[91.0479,22.072],[91.0475,22.0757],[91.0411,22.0839],[91.031,22.0838]]],[[[91.8737,22.1511],[91.8754,22.1559],[91.8733,22.1601],[91.8696,22.1592],[91.8704,22.1542],[91.8737,22.1511]]],[[[91.8707,22.3331],[91.8766,22.3381],[91.8837,22.3472],[91.8835,22.3578],[91.876,22.3535],[91.8723,22.3447],[91.8707,22.3331]]],[[[91.0362,22.3376],[91.0494,22.342],[91.0536,22.3463],[91.0541,22.3513],[91.0494,22.3573],[91.0429,22.3723],[91.0379,22.3728],[91.023,22.3572],[91.0196,22.3512],[91.0218,22.3473],[91.0317,22.3385],[91.0362,22.3376]]],[[[91.0553,22.3596],[91.0566,22.3686],[91.0541,22.3731],[91.0523,22.3846],[91.0503,22.3857],[91.0438,22.3794],[91.0435,22.3749],[91.0497,22.3618],[91.0553,22.3596]]],[[[91.1409,22.3732],[91.1333,22.3795],[91.1329,22.3825],[91.1046,22.392],[91.0985,22.3936],[91.085,22.4013],[91.0728,22.4067],[91.0699,22.4064],[91.075,22.3794],[91.0757,22.37],[91.0747,22.363],[91.0685,22.3597],[91.0667,22.3526],[91.0611,22.3509],[91.0602,22.3469],[91.0651,22.3442],[91.0688,22.3398],[91.066,22.3305],[91.0664,22.3194],[91.0701,22.3012],[91.0701,22.2915],[91.0682,22.2716],[91.0697,22.2551],[91.0692,22.246],[91.0642,22.2231],[91.0611,22.212],[91.0561,22.1992],[91.0539,22.1909],[91.041,22.1657],[91.0381,22.1583],[91.0321,22.1475],[91.0232,22.1369],[91.006,22.1204],[91.0043,22.1155],[91.0059,22.1079],[91.0195,22.0985],[91.0362,22.0904],[91.0503,22.0861],[91.0578,22.0792],[91.0652,22.0836],[91.0713,22.0897],[91.0779,22.0917],[91.0821,22.0947],[91.0894,22.1029],[91.0982,22.1104],[91.108,22.1217],[91.1139,22.1268],[91.122,22.1314],[91.1286,22.13],[91.1343,22.1306],[91.138,22.1373],[91.136,22.1431],[91.1372,22.1463],[91.1478,22.1542],[91.1538,22.1566],[91.1532,22.1597],[91.1564,22.1641],[91.1595,22.1642],[91.166,22.1707],[91.1659,22.179],[91.1722,22.197],[91.1733,22.2025],[91.1788,22.2124],[91.18,22.2193],[91.1834,22.2209],[91.1882,22.2328],[91.191,22.2472],[91.1887,22.256],[91.1904,22.2647],[91.19,22.2822],[91.1866,22.2871],[91.1843,22.2965],[91.186,22.3027],[91.1871,22.3181],[91.1899,22.3266],[91.1881,22.347],[91.1852,22.3519],[91.1859,22.3592],[91.1845,22.3658],[91.1817,22.3688],[91.1783,22.379],[91.175,22.3838],[91.1609,22.3803],[91.1546,22.3755],[91.1431,22.3711],[91.1409,22.3732]]],[[[91.3985,22.4226],[91.3934,22.4235],[91.3844,22.4105],[91.3751,22.3982],[91.3588,22.3808],[91.3531,22.3765],[91.3527,22.3738],[91.357,22.37],[91.3661,22.3729],[91.3895,22.3731],[91.3973,22.3781],[91.3995,22.3844],[91.4054,22.3825],[91.4075,22.3951],[91.4061,22.4114],[91.402,22.4135],[91.4033,22.4205],[91.3985,22.4226]]],[[[91.2562,22.4098],[91.2642,22.4153],[91.2664,22.4232],[91.2652,22.4267],[91.2586,22.4351],[91.2509,22.4336],[91.2459,22.4276],[91.246,22.4249],[91.2525,22.4108],[91.2562,22.4098]]],[[[91.2771,22.4411],[91.2769,22.4476],[91.2726,22.4484],[91.271,22.4431],[91.2771,22.4411]]],[[[91.0129,22.3605],[91.0203,22.365],[91.0304,22.3771],[91.0348,22.3906],[91.0354,22.4041],[91.0433,22.4147],[91.0453,22.4334],[91.0451,22.4375],[91.0372,22.4484],[91.0166,22.4594],[91.0047,22.4631],[90.9986,22.4631],[90.9926,22.4607],[90.9871,22.4533],[90.9884,22.4497],[90.9876,22.4387],[90.9882,22.4318],[90.9952,22.4036],[91,22.39],[91.0038,22.3707],[91.0104,22.3606],[91.0129,22.3605]]],[[[91.5297,22.3904],[91.5327,22.3936],[91.544,22.3979],[91.5561,22.3994],[91.561,22.402],[91.5684,22.4094],[91.5673,22.4129],[91.5673,22.4255],[91.5698,22.4297],[91.5712,22.4366],[91.5712,22.4499],[91.5687,22.4616],[91.5643,22.4725],[91.5572,22.4855],[91.5515,22.4939],[91.5423,22.5017],[91.5359,22.5115],[91.5305,22.5215],[91.5061,22.556],[91.4986,22.5679],[91.4862,22.5836],[91.4762,22.5951],[91.4621,22.6073],[91.4558,22.6087],[91.439,22.6062],[91.4327,22.6039],[91.4207,22.5973],[91.4242,22.5848],[91.4259,22.5692],[91.4239,22.5439],[91.42,22.5222],[91.4232,22.5107],[91.4261,22.504],[91.4343,22.48],[91.4432,22.4615],[91.4572,22.443],[91.4588,22.436],[91.4622,22.4336],[91.4671,22.4228],[91.4762,22.411],[91.475,22.4088],[91.4804,22.3998],[91.4885,22.3978],[91.5066,22.3882],[91.5102,22.3872],[91.5197,22.3903],[91.5262,22.3888],[91.5297,22.3904]]],[[[91.3572,22.6017],[91.3498,22.6099],[91.3488,22.6047],[91.3572,22.6017]]],[[[91.3534,22.5995],[91.348,22.6034],[91.3465,22.6094],[91.3405,22.6112],[91.3297,22.6113],[91.3213,22.6095],[91.3119,22.6035],[91.3077,22.5978],[91.2877,22.5762],[91.2789,22.5639],[91.2738,22.5548],[91.2726,22.5484],[91.2679,22.5361],[91.2655,22.522],[91.2698,22.5142],[91.2829,22.5004],[91.2896,22.4857],[91.3017,22.4868],[91.3046,22.493],[91.3076,22.4951],[91.3132,22.495],[91.3142,22.4985],[91.323,22.5017],[91.3267,22.5011],[91.3343,22.5075],[91.3339,22.5171],[91.3434,22.5174],[91.3419,22.5256],[91.343,22.5311],[91.3522,22.5265],[91.3553,22.5421],[91.3535,22.5563],[91.349,22.5668],[91.3535,22.5748],[91.352,22.5916],[91.3534,22.5995]]],[[[91.3801,22.6994],[91.3843,22.7052],[91.3815,22.7107],[91.3731,22.7171],[91.3604,22.7254],[91.3454,22.7309],[91.3339,22.7325],[91.3157,22.7291],[91.3082,22.7266],[91.2982,22.7213],[91.29,22.7144],[91.2864,22.7049],[91.2883,22.6932],[91.2945,22.6785],[91.296,22.673],[91.3009,22.6647],[91.3069,22.6584],[91.3173,22.6508],[91.3224,22.6454],[91.3282,22.6413],[91.3382,22.6409],[91.3576,22.6374],[91.3798,22.6271],[91.3853,22.6267],[91.3927,22.6293],[91.395,22.6317],[91.4011,22.6507],[91.4011,22.6559],[91.41,22.6768],[91.4103,22.6804],[91.4057,22.6851],[91.4018,22.6926],[91.3937,22.7],[91.388,22.7025],[91.3801,22.6994]]],[[[91.3936,22.7751],[91.3946,22.7775],[91.3882,22.782],[91.3782,22.7849],[91.3739,22.781],[91.3936,22.7751]]],[[[90.7704,22.8094],[90.7721,22.818],[90.7744,22.822],[90.7744,22.8286],[90.7726,22.8305],[90.7609,22.8362],[90.7518,22.8314],[90.7572,22.8228],[90.7667,22.8122],[90.7704,22.8094]]],[[[90.7557,22.8698],[90.7524,22.8728],[90.744,22.8699],[90.741,22.8637],[90.7374,22.8602],[90.7507,22.8348],[90.7556,22.835],[90.7612,22.8374],[90.7717,22.8322],[90.7736,22.8354],[90.7663,22.8433],[90.7619,22.8501],[90.7584,22.8579],[90.7557,22.8698]]],[[[90.7494,22.8722],[90.7527,22.8747],[90.7401,22.8871],[90.7332,22.8751],[90.734,22.8669],[90.7364,22.863],[90.7405,22.8651],[90.7424,22.8706],[90.7494,22.8722]]],[[[90.7244,22.9108],[90.7238,22.9191],[90.7201,22.9158],[90.7244,22.9108]]],[[[90.6124,23.0168],[90.6143,23.0194],[90.6172,23.0299],[90.6168,23.0333],[90.6127,23.0353],[90.611,23.0265],[90.6124,23.0168]]],[[[90.5903,23.096],[90.5916,23.1001],[90.5903,23.1085],[90.5843,23.1052],[90.5742,23.0926],[90.5781,23.0877],[90.5837,23.0936],[90.5903,23.096]]],[[[90.5987,23.1102],[90.5939,23.1102],[90.5939,23.1049],[90.5965,23.0999],[90.5933,23.0948],[90.5871,23.0901],[90.5803,23.087],[90.5841,23.0775],[90.5883,23.0737],[90.5877,23.0631],[90.5844,23.0618],[90.5838,23.0519],[90.5908,23.0472],[90.5958,23.0472],[90.6004,23.0389],[90.6073,23.034],[90.6102,23.0337],[90.6142,23.0572],[90.6195,23.0606],[90.6188,23.0721],[90.6198,23.0772],[90.6145,23.0875],[90.6154,23.0934],[90.6088,23.0979],[90.6032,23.108],[90.5987,23.1102]]],[[[90.5789,23.1126],[90.5731,23.1101],[90.5728,23.1038],[90.575,23.0994],[90.587,23.1106],[90.582,23.1136],[90.5789,23.1126]]],[[[90.5563,23.1352],[90.5674,23.1465],[90.5717,23.1524],[90.5602,23.1427],[90.5563,23.1352]]],[[[90.6077,23.1921],[90.6095,23.1992],[90.6044,23.2016],[90.6027,23.1957],[90.6077,23.1921]]],[[[90.6078,23.2135],[90.6105,23.2181],[90.604,23.2255],[90.6022,23.2241],[90.6078,23.2135]]],[[[90.6375,23.2535],[90.6362,23.2606],[90.6305,23.2708],[90.6283,23.2656],[90.6333,23.2562],[90.6375,23.2535]]],[[[90.5817,23.2944],[90.5779,23.2977],[90.5755,23.2916],[90.5836,23.2854],[90.5851,23.2896],[90.5817,23.2944]]],[[[90.6082,23.2926],[90.6051,23.2909],[90.5899,23.2966],[90.5889,23.2917],[90.5907,23.2877],[90.5875,23.2833],[90.5941,23.2814],[90.6025,23.2739],[90.6194,23.2658],[90.614,23.2744],[90.6073,23.2811],[90.6056,23.2851],[90.6082,23.2926]]],[[[90.6151,23.3015],[90.6129,23.3035],[90.6092,23.2964],[90.6169,23.2869],[90.6219,23.2772],[90.6263,23.2793],[90.6226,23.2878],[90.6151,23.3015]]],[[[90.6269,23.3199],[90.6283,23.3214],[90.6239,23.329],[90.6221,23.3252],[90.6269,23.3199]]],[[[90.6371,23.3279],[90.6328,23.3335],[90.625,23.3348],[90.6285,23.3272],[90.628,23.3242],[90.6341,23.3156],[90.6386,23.3193],[90.6354,23.3247],[90.6371,23.3279]]],[[[91.7847,23.2339],[91.7876,23.2277],[91.7916,23.2237],[91.7883,23.2169],[91.7919,23.2109],[91.7888,23.2046],[91.7914,23.2005],[91.7979,23.1958],[91.7985,23.1912],[91.7956,23.1883],[91.7969,23.1848],[91.8052,23.1807],[91.8066,23.1751],[91.8046,23.1684],[91.8098,23.1655],[91.806,23.1576],[91.8105,23.1537],[91.81,23.1505],[91.8141,23.1456],[91.8081,23.1392],[91.8089,23.1341],[91.813,23.1344],[91.8129,23.1193],[91.8156,23.1192],[91.818,23.1116],[91.8172,23.1011],[91.8209,23.0976],[91.825,23.0991],[91.8294,23.0977],[91.8357,23.0932],[91.8299,23.0917],[91.8244,23.0838],[91.8172,23.0791],[91.8181,23.0738],[91.8059,23.0671],[91.806,23.0632],[91.7998,23.0651],[91.7951,23.0623],[91.7937,23.0692],[91.7863,23.0682],[91.7855,23.0713],[91.7745,23.0697],[91.7739,23.0658],[91.7786,23.0616],[91.7774,23.0559],[91.7824,23.0486],[91.7838,23.0373],[91.78,23.0287],[91.7738,23.0277],[91.7728,23.0331],[91.7744,23.0386],[91.7715,23.0415],[91.7676,23.0398],[91.7681,23.0344],[91.7609,23.0295],[91.7614,23.0263],[91.7544,23.0232],[91.7453,23.0112],[91.7438,23.0066],[91.731,23.0004],[91.726,22.999],[91.7227,22.9941],[91.7213,22.9884],[91.7166,22.9869],[91.7121,22.9891],[91.711,22.9827],[91.7072,22.9828],[91.7034,22.9882],[91.6936,22.9884],[91.6909,22.9831],[91.685,22.9804],[91.6746,22.9803],[91.6702,22.9773],[91.6641,22.9817],[91.656,22.9768],[91.6513,22.9769],[91.6505,22.9818],[91.6451,22.9841],[91.6448,22.976],[91.6407,22.975],[91.6405,22.9708],[91.6354,22.9611],[91.627,22.956],[91.6236,22.95],[91.6255,22.9442],[91.6202,22.9387],[91.613,22.9463],[91.6143,22.9525],[91.6074,22.9501],[91.6094,22.9559],[91.6,22.9551],[91.6048,22.9623],[91.6056,22.9722],[91.6013,22.9714],[91.5992,22.9761],[91.5934,22.9727],[91.5915,22.9766],[91.5767,22.9654],[91.575,22.9688],[91.5572,22.9786],[91.5569,22.9967],[91.5475,22.9944],[91.5425,22.9997],[91.5481,23.0194],[91.5383,23.0194],[91.5503,23.0385],[91.5304,23.0384],[91.5362,23.0547],[91.5249,23.0555],[91.5258,23.0601],[91.5353,23.0635],[91.525,23.083],[91.5299,23.0859],[91.5284,23.0917],[91.5189,23.0943],[91.5223,23.1041],[91.5112,23.1043],[91.5122,23.1134],[91.5153,23.1178],[91.5142,23.1227],[91.5176,23.1256],[91.5037,23.1274],[91.5031,23.1306],[91.5148,23.1387],[91.5153,23.1451],[91.5044,23.1408],[91.4985,23.1432],[91.4963,23.1468],[91.5073,23.1536],[91.4943,23.1524],[91.4909,23.1578],[91.4948,23.1621],[91.4982,23.1718],[91.4923,23.1721],[91.4917,23.1777],[91.4973,23.1799],[91.5067,23.1801],[91.5075,23.1838],[91.501,23.1854],[91.5042,23.1894],[91.5031,23.1922],[91.4921,23.189],[91.4884,23.1923],[91.4849,23.1883],[91.4707,23.1966],[91.4824,23.1986],[91.4844,23.2093],[91.4753,23.2205],[91.4586,23.2134],[91.4582,23.2158],[91.4505,23.2196],[91.4543,23.2237],[91.4702,23.2278],[91.4578,23.2461],[91.4485,23.2439],[91.4544,23.2576],[91.4412,23.2617],[91.4313,23.2626],[91.4247,23.2598],[91.4154,23.2636],[91.4196,23.2734],[91.4156,23.2815],[91.4088,23.2853],[91.4095,23.2729],[91.4112,23.2558],[91.4055,23.2567],[91.4003,23.2658],[91.3975,23.2653],[91.3972,23.2564],[91.4006,23.2562],[91.4087,23.2478],[91.3934,23.2467],[91.397,23.2413],[91.4008,23.2292],[91.3864,23.2277],[91.3921,23.2202],[91.3882,23.2148],[91.3807,23.2086],[91.3877,23.208],[91.3855,23.192],[91.3809,23.1917],[91.3799,23.1846],[91.383,23.1846],[91.3818,23.1752],[91.3852,23.1753],[91.3847,23.1563],[91.3892,23.1528],[91.392,23.1396],[91.3973,23.1303],[91.3969,23.1178],[91.4034,23.1139],[91.4002,23.0966],[91.406,23.0971],[91.4052,23.0871],[91.4081,23.0836],[91.4165,23.0816],[91.4137,23.0762],[91.4111,23.0659],[91.4172,23.0647],[91.4063,23.0591],[91.3992,23.0586],[91.3957,23.0563],[91.3904,23.06],[91.3697,23.0705],[91.3514,23.0977],[91.3469,23.1025],[91.3476,23.1189],[91.3418,23.118],[91.3417,23.1289],[91.337,23.1312],[91.3331,23.153],[91.3233,23.1582],[91.3247,23.1688],[91.3239,23.1924],[91.3236,23.2376],[91.3189,23.24],[91.3186,23.2456],[91.3254,23.2473],[91.3265,23.2524],[91.318,23.253],[91.3097,23.2765],[91.3157,23.2796],[91.3166,23.282],[91.3023,23.2865],[91.3002,23.2926],[91.3071,23.2999],[91.3149,23.2968],[91.3131,23.3065],[91.3095,23.314],[91.2962,23.3136],[91.2898,23.3187],[91.2923,23.3248],[91.2961,23.341],[91.3051,23.3435],[91.3107,23.3426],[91.311,23.3526],[91.3182,23.3536],[91.32,23.3602],[91.3148,23.3611],[91.3009,23.3517],[91.291,23.3508],[91.2948,23.3613],[91.2861,23.3633],[91.2842,23.3713],[91.2937,23.3714],[91.2943,23.3748],[91.2912,23.378],[91.2797,23.3768],[91.2764,23.4148],[91.2634,23.4239],[91.2706,23.4299],[91.2564,23.4417],[91.2557,23.4475],[91.2515,23.4538],[91.2534,23.4581],[91.251,23.4629],[91.2522,23.4811],[91.2493,23.4903],[91.2407,23.4904],[91.2363,23.4891],[91.2372,23.4953],[91.2344,23.4963],[91.2355,23.5019],[91.2226,23.4974],[91.2179,23.4996],[91.2235,23.5142],[91.2138,23.5139],[91.2078,23.5122],[91.2007,23.5202],[91.2006,23.5231],[91.2052,23.534],[91.2081,23.5432],[91.2019,23.5502],[91.1944,23.5473],[91.1951,23.5626],[91.1872,23.5733],[91.1859,23.5777],[91.1752,23.5856],[91.177,23.5933],[91.1687,23.5927],[91.1627,23.5952],[91.1637,23.6012],[91.1596,23.6114],[91.1609,23.6141],[91.158,23.6219],[91.1587,23.6291],[91.161,23.6314],[91.159,23.642],[91.1613,23.6545],[91.1563,23.6697],[91.1664,23.6636],[91.1703,23.6577],[91.1757,23.6586],[91.1929,23.6546],[91.1907,23.6471],[91.1994,23.6467],[91.2045,23.6505],[91.2014,23.6561],[91.2036,23.6584],[91.2023,23.663],[91.2049,23.6799],[91.2066,23.685],[91.1955,23.6923],[91.1938,23.69],[91.1684,23.6894],[91.1542,23.6885],[91.1521,23.6981],[91.1516,23.7056],[91.1491,23.7117],[91.1528,23.7212],[91.1528,23.7247],[91.1563,23.7365],[91.1588,23.7418],[91.1676,23.7498],[91.1829,23.749],[91.1861,23.7508],[91.1965,23.7512],[91.2103,23.7493],[91.2119,23.7448],[91.2177,23.74],[91.2263,23.7513],[91.2252,23.7567],[91.2306,23.7651],[91.2305,23.7845],[91.2264,23.7911],[91.2311,23.7977],[91.2339,23.8071],[91.2337,23.811],[91.2376,23.8139],[91.2429,23.8231],[91.254,23.8381],[91.2488,23.851],[91.2408,23.8618],[91.2381,23.8723],[91.2357,23.8777],[91.2295,23.8807],[91.2284,23.8988],[91.2353,23.9013],[91.2448,23.9071],[91.2461,23.9138],[91.2414,23.9228],[91.2339,23.928],[91.252,23.9261],[91.2617,23.9237],[91.2639,23.9251],[91.2717,23.9248],[91.2761,23.9227],[91.2728,23.9378],[91.2639,23.9444],[91.2715,23.963],[91.2846,23.9822],[91.2877,23.9681],[91.2943,23.9695],[91.2997,23.9723],[91.2972,23.9764],[91.3034,23.988],[91.3015,23.994],[91.3034,23.9967],[91.3033,23.9969],[91.3031,23.9971],[91.2965,23.9982],[91.2955,24.0056],[91.2978,24.0066],[91.3012,24.013],[91.305,24.0135],[91.3079,24.0177],[91.3104,24.0266],[91.3116,24.0393],[91.3034,24.0453],[91.3041,24.0563],[91.3008,24.0585],[91.2918,24.061],[91.2858,24.0607],[91.2841,24.0638],[91.2844,24.074],[91.2884,24.0778],[91.289,24.086],[91.2923,24.0861],[91.2931,24.0932],[91.2874,24.0942],[91.2814,24.0932],[91.2794,24.0889],[91.275,24.094],[91.2691,24.095],[91.2686,24.0994],[91.2708,24.1125],[91.2842,24.1114],[91.2842,24.1172],[91.2895,24.1151],[91.2913,24.1189],[91.2862,24.1214],[91.2716,24.1237],[91.2718,24.1406],[91.2636,24.1401],[91.2617,24.1462],[91.2683,24.149],[91.267,24.1581],[91.2752,24.1565],[91.2754,24.1687],[91.2773,24.1816],[91.2841,24.1807],[91.2847,24.186],[91.298,24.1859],[91.3013,24.1895],[91.3092,24.1904],[91.3132,24.1833],[91.3148,24.1927],[91.3128,24.2031],[91.3071,24.2036],[91.3051,24.1998],[91.2972,24.2031],[91.2885,24.1958],[91.284,24.1956],[91.2781,24.1996],[91.2775,24.2037],[91.2847,24.2102],[91.2837,24.2175],[91.2897,24.2187],[91.2921,24.2138],[91.2981,24.2137],[91.2985,24.223],[91.303,24.2202],[91.3071,24.2213],[91.3087,24.2279],[91.3146,24.2273],[91.3145,24.2308],[91.3199,24.2311],[91.3235,24.2344],[91.3284,24.2427],[91.3288,24.2496],[91.3257,24.2499],[91.3252,24.2604],[91.321,24.2644],[91.3146,24.2652],[91.3069,24.2679],[91.3017,24.2664],[91.2969,24.26],[91.293,24.2595],[91.2918,24.2558],[91.2843,24.246],[91.2842,24.2409],[91.2809,24.2328],[91.2863,24.2295],[91.2816,24.2269],[91.2713,24.2251],[91.2657,24.2252],[91.2591,24.2281],[91.2496,24.2295],[91.2463,24.2331],[91.23,24.2351],[91.2203,24.2381],[91.2155,24.2366],[91.2099,24.2394],[91.2068,24.2368],[91.1984,24.2405],[91.1949,24.2398],[91.1916,24.2452],[91.1865,24.2481],[91.1798,24.2558],[91.1736,24.2652],[91.162,24.259],[91.1536,24.2566],[91.15,24.2508],[91.1462,24.2476],[91.1311,24.2426],[91.1199,24.2425],[91.107,24.2411],[91.103,24.2424],[91.0892,24.2421],[91.0851,24.2411],[91.081,24.2369],[91.0791,24.2273],[91.0903,24.2193],[91.0913,24.2127],[91.0867,24.2115],[91.0772,24.2147],[91.0654,24.216],[91.0472,24.2143],[91.0378,24.2102],[91.029,24.1953],[91.0245,24.1893],[91.0087,24.1738],[90.9919,24.1647],[90.9867,24.1577],[90.9851,24.1526],[90.997,24.1384],[91.0095,24.1288],[91.026,24.1221],[91.0335,24.1183],[91.0442,24.1099],[91.0498,24.1021],[91.0537,24.0929],[91.0531,24.0832],[91.0513,24.0791],[91.0416,24.0659],[91.0379,24.0632],[91.0301,24.0604],[91.0182,24.0526],[91.0085,24.0499],[90.9979,24.0426],[90.9893,24.0334],[90.9752,24.0212],[90.9706,24.0117],[90.9662,24.0062],[90.9675,23.9986],[90.971,23.9968],[90.9738,23.9885],[90.9743,23.9807],[90.973,23.9699],[90.9715,23.9675],[90.9609,23.9633],[90.9531,23.9539],[90.9512,23.9285],[90.9484,23.924],[90.939,23.9193],[90.9301,23.9099],[90.9252,23.8989],[90.9202,23.8829],[90.914,23.8735],[90.9088,23.8676],[90.8983,23.8627],[90.8908,23.8645],[90.8744,23.8733],[90.8581,23.879],[90.84,23.87],[90.8336,23.8633],[90.8126,23.8648],[90.7811,23.8659],[90.7667,23.8642],[90.7622,23.8601],[90.7595,23.85],[90.7608,23.842],[90.7642,23.8336],[90.768,23.8202],[90.7675,23.8089],[90.7658,23.8019],[90.7586,23.7903],[90.7407,23.7716],[90.7238,23.7467],[90.7215,23.7372],[90.7225,23.7256],[90.7246,23.719],[90.7289,23.7124],[90.7386,23.7027],[90.7411,23.6974],[90.7411,23.6926],[90.7384,23.6809],[90.7302,23.6645],[90.7216,23.6617],[90.708,23.6625],[90.6983,23.6659],[90.6807,23.6784],[90.6749,23.6801],[90.668,23.6777],[90.6653,23.6735],[90.6571,23.6717],[90.6436,23.675],[90.6401,23.6747],[90.6379,23.6692],[90.6381,23.6498],[90.6327,23.6274],[90.63,23.6208],[90.6363,23.6177],[90.6431,23.6174],[90.6531,23.6204],[90.6579,23.6129],[90.6591,23.6081],[90.6658,23.5969],[90.6666,23.5889],[90.6535,23.5908],[90.6465,23.5883],[90.6458,23.5833],[90.647,23.5761],[90.6543,23.5727],[90.6674,23.5718],[90.6767,23.5667],[90.6873,23.5574],[90.6898,23.5463],[90.6967,23.5337],[90.7005,23.5252],[90.7082,23.5193],[90.7111,23.515],[90.7107,23.5078],[90.7073,23.5027],[90.7009,23.4984],[90.6879,23.4928],[90.6824,23.4896],[90.671,23.4907],[90.6622,23.4938],[90.647,23.5023],[90.6417,23.5037],[90.6319,23.502],[90.6235,23.4928],[90.613,23.4904],[90.6047,23.4934],[90.6014,23.4981],[90.5957,23.4976],[90.589,23.4945],[90.5817,23.4964],[90.5761,23.4957],[90.5772,23.4851],[90.583,23.4844],[90.5843,23.4802],[90.5817,23.4715],[90.5776,23.4706],[90.5787,23.4602],[90.5778,23.4521],[90.5746,23.4436],[90.5703,23.4369],[90.5634,23.4298],[90.5537,23.4174],[90.5498,23.4104],[90.5458,23.4063],[90.5415,23.3982],[90.539,23.3912],[90.5387,23.3791],[90.5468,23.3674],[90.5616,23.363],[90.5761,23.358],[90.5835,23.3503],[90.5907,23.3359],[90.5906,23.3432],[90.6021,23.3426],[90.6074,23.3412],[90.6129,23.3452],[90.6197,23.3459],[90.6204,23.3436],[90.6293,23.3371],[90.646,23.339],[90.655,23.3369],[90.6598,23.333],[90.6656,23.3234],[90.6704,23.3206],[90.6807,23.3231],[90.6815,23.3254],[90.677,23.332],[90.6797,23.3335],[90.6833,23.3254],[90.6786,23.3199],[90.6722,23.3186],[90.6681,23.3199],[90.6611,23.3248],[90.6556,23.3325],[90.6495,23.337],[90.6406,23.3356],[90.6391,23.3334],[90.6427,23.3226],[90.651,23.3089],[90.6632,23.2844],[90.6653,23.2754],[90.6634,23.2547],[90.6612,23.2475],[90.6553,23.2383],[90.6495,23.233],[90.6471,23.2346],[90.639,23.2315],[90.6395,23.2185],[90.6376,23.1899],[90.643,23.1844],[90.6424,23.18],[90.6387,23.1747],[90.6384,23.1671],[90.6431,23.1606],[90.6442,23.1451],[90.6472,23.1411],[90.6387,23.1405],[90.6392,23.131],[90.6418,23.1262],[90.6425,23.1187],[90.6485,23.1162],[90.6434,23.1096],[90.6445,23.0969],[90.6454,23.0702],[90.6464,23.0576],[90.6449,23.0437],[90.6462,23.0163],[90.6452,22.9942],[90.6464,22.9849],[90.6493,22.9769],[90.6552,22.9726],[90.6612,22.9713],[90.669,22.9646],[90.6741,22.9544],[90.6811,22.9442],[90.6894,22.9298],[90.6951,22.9228],[90.7094,22.8975],[90.7131,22.8966],[90.7152,22.8908],[90.7214,22.8801],[90.7249,22.8786],[90.7308,22.8823],[90.7347,22.8924],[90.726,22.9011],[90.7185,22.9158],[90.7187,22.9231],[90.714,22.9323],[90.7197,22.9305],[90.7311,22.9106],[90.7329,22.9041],[90.7409,22.8928],[90.7483,22.8856],[90.7603,22.8712],[90.7682,22.8496],[90.7714,22.8496],[90.7788,22.8405],[90.7826,22.8317],[90.7834,22.8225],[90.7831,22.8113],[90.7788,22.7939],[90.7787,22.7845],[90.7798,22.7807],[90.7958,22.7474],[90.8044,22.7332],[90.8145,22.7191],[90.8241,22.701],[90.8507,22.67],[90.8705,22.6661],[90.8762,22.6661],[90.8831,22.6641],[90.8925,22.659],[90.9025,22.6478],[90.9203,22.6368],[90.9454,22.6149],[90.9592,22.6071],[90.9721,22.6007],[90.9822,22.5922],[90.9859,22.5868],[91.0002,22.5791],[91.0048,22.5755],[91.0176,22.5681],[91.0327,22.5585],[91.0447,22.5485],[91.0577,22.534],[91.0714,22.5089],[91.0778,22.4934],[91.0838,22.5092],[91.0906,22.5222],[91.0973,22.5271],[91.108,22.5319],[91.1133,22.5395],[91.1256,22.5432],[91.1313,22.5498],[91.1346,22.549],[91.128,22.5418],[91.118,22.5396],[91.1103,22.5313],[91.0927,22.5209],[91.0901,22.5167],[91.0844,22.4996],[91.0823,22.4849],[91.0846,22.4791],[91.0928,22.4664],[91.1028,22.458],[91.1119,22.4519],[91.1237,22.4465],[91.134,22.443],[91.138,22.443],[91.1512,22.4506],[91.1604,22.4582],[91.164,22.4651],[91.1656,22.4717],[91.1654,22.4795],[91.1846,22.494],[91.1942,22.4998],[91.2012,22.5098],[91.1981,22.5121],[91.1931,22.5193],[91.189,22.5207],[91.177,22.5211],[91.1711,22.5202],[91.1611,22.5162],[91.1585,22.5115],[91.1611,22.5016],[91.1593,22.5001],[91.1436,22.4953],[91.1279,22.487],[91.1241,22.4863],[91.1151,22.4904],[91.123,22.4956],[91.1294,22.4971],[91.1456,22.4984],[91.1521,22.5],[91.1555,22.5065],[91.1556,22.5166],[91.157,22.5241],[91.1633,22.5205],[91.1684,22.5225],[91.1838,22.5262],[91.1974,22.5233],[91.2092,22.5241],[91.2128,22.5267],[91.2141,22.5314],[91.2208,22.5306],[91.2271,22.5259],[91.2306,22.5273],[91.2343,22.5333],[91.2391,22.5448],[91.2476,22.5535],[91.2591,22.5764],[91.2591,22.583],[91.2636,22.5815],[91.2726,22.5967],[91.288,22.6186],[91.2858,22.6243],[91.2785,22.6301],[91.2824,22.6323],[91.2828,22.6395],[91.2816,22.6456],[91.2735,22.6642],[91.2714,22.6714],[91.2624,22.6849],[91.2568,22.6849],[91.254,22.6818],[91.2483,22.6802],[91.2467,22.6913],[91.2332,22.7047],[91.2275,22.7073],[91.2174,22.7067],[91.2128,22.7039],[91.2086,22.7075],[91.2032,22.7237],[91.2082,22.7237],[91.2083,22.7155],[91.2127,22.7121],[91.2176,22.7118],[91.2287,22.7144],[91.2338,22.7173],[91.2427,22.7079],[91.2497,22.7057],[91.2574,22.6973],[91.2612,22.7034],[91.2666,22.7037],[91.2734,22.7112],[91.2779,22.7234],[91.2819,22.7297],[91.2883,22.737],[91.2989,22.7452],[91.3202,22.7516],[91.3297,22.7529],[91.3529,22.753],[91.3686,22.7515],[91.3794,22.7541],[91.3849,22.7572],[91.3852,22.7645],[91.3746,22.7663],[91.3639,22.7699],[91.3454,22.7818],[91.3365,22.7831],[91.3287,22.7882],[91.3278,22.8001],[91.3289,22.8106],[91.3366,22.8376],[91.3329,22.8416],[91.3357,22.8456],[91.3392,22.8408],[91.3362,22.8219],[91.3319,22.8066],[91.3325,22.7974],[91.3386,22.7914],[91.3564,22.7841],[91.3641,22.7776],[91.3701,22.7793],[91.3756,22.7847],[91.3797,22.7859],[91.3851,22.785],[91.3946,22.7804],[91.4072,22.7654],[91.4102,22.7543],[91.4136,22.7514],[91.4224,22.7491],[91.4234,22.756],[91.4294,22.7641],[91.4308,22.7719],[91.4295,22.7802],[91.4216,22.7844],[91.4199,22.7912],[91.4237,22.7954],[91.4218,22.7979],[91.4134,22.7985],[91.4075,22.8036],[91.4053,22.8084],[91.4079,22.8148],[91.4128,22.8194],[91.4231,22.8244],[91.4236,22.8349],[91.4266,22.8387],[91.4344,22.8398],[91.4407,22.836],[91.4418,22.8297],[91.4459,22.8275],[91.4508,22.8299],[91.4522,22.836],[91.4562,22.8455],[91.4658,22.8556],[91.4679,22.8623],[91.4711,22.8611],[91.4655,22.8483],[91.4613,22.8472],[91.454,22.8349],[91.4521,22.8282],[91.449,22.826],[91.4419,22.8266],[91.4371,22.8361],[91.4309,22.8372],[91.4306,22.8278],[91.4247,22.8154],[91.4173,22.8122],[91.42,22.8076],[91.4326,22.7976],[91.4351,22.7946],[91.4439,22.7884],[91.4473,22.7845],[91.4503,22.7777],[91.4501,22.7696],[91.4512,22.7631],[91.4563,22.7526],[91.4623,22.7503],[91.4625,22.7469],[91.4691,22.7341],[91.4736,22.7311],[91.4725,22.7272],[91.4755,22.7242],[91.4763,22.7194],[91.4802,22.7148],[91.484,22.7156],[91.4862,22.7113],[91.4969,22.7028],[91.5137,22.6935],[91.5251,22.6898],[91.5305,22.6839],[91.5409,22.6767],[91.5454,22.672],[91.5579,22.6613],[91.5659,22.653],[91.5816,22.6342],[91.5845,22.6285],[91.5856,22.6202],[91.5848,22.6158],[91.5907,22.6106],[91.5993,22.609],[91.6007,22.6042],[91.6101,22.5961],[91.6148,22.5908],[91.6299,22.5765],[91.6372,22.5704],[91.6491,22.5574],[91.6563,22.5479],[91.6641,22.5422],[91.6693,22.5369],[91.6753,22.5278],[91.6808,22.5242],[91.684,22.5191],[91.69,22.5141],[91.6948,22.5071],[91.6969,22.5014],[91.7007,22.4957],[91.7087,22.4882],[91.7114,22.4796],[91.7164,22.4722],[91.7186,22.4665],[91.7226,22.4654],[91.7254,22.4593],[91.7252,22.4536],[91.7307,22.4438],[91.7326,22.4346],[91.7376,22.4267],[91.7349,22.4236],[91.7376,22.4188],[91.7371,22.4085],[91.7413,22.396],[91.7432,22.3876],[91.7474,22.375],[91.7497,22.3588],[91.7539,22.3534],[91.7543,22.3468],[91.7588,22.3322],[91.7619,22.3186],[91.768,22.3017],[91.7686,22.2971],[91.7667,22.2922],[91.7657,22.2828],[91.7636,22.2791],[91.7656,22.2723],[91.774,22.2631],[91.7838,22.2462],[91.788,22.2421],[91.7922,22.2351],[91.7989,22.229],[91.8001,22.2259],[91.8113,22.2352],[91.8225,22.2424],[91.8298,22.2509],[91.8336,22.2596],[91.8313,22.2647],[91.8224,22.2689],[91.8139,22.2705],[91.8024,22.2754],[91.7971,22.2801],[91.7936,22.2889],[91.7937,22.2943],[91.798,22.3037],[91.8017,22.3079],[91.8149,22.3183],[91.8237,22.3224],[91.8324,22.3249],[91.8488,22.3269],[91.8599,22.3319],[91.8649,22.3379],[91.868,22.3493],[91.8725,22.361],[91.8761,22.3748],[91.882,22.3907],[91.8861,22.3958],[91.8908,22.4063],[91.8888,22.4111],[91.8829,22.4162],[91.8826,22.4199],[91.8892,22.4252],[91.8871,22.4296],[91.8766,22.4299],[91.8699,22.4359],[91.8624,22.4453],[91.8577,22.4544],[91.8576,22.4593],[91.8545,22.4644],[91.857,22.4658],[91.8595,22.455],[91.8628,22.4482],[91.8749,22.4329],[91.8817,22.4306],[91.8897,22.4311],[91.892,22.4263],[91.8842,22.4188],[91.8908,22.4124],[91.8932,22.4059],[91.9144,22.4217],[91.9294,22.4245],[91.9379,22.4243],[91.9449,22.4254],[91.953,22.425],[91.9581,22.4229],[91.9697,22.4208],[91.9818,22.4159],[91.9822,22.4111],[91.9692,22.4111],[91.9641,22.4126],[91.956,22.4206],[91.9494,22.4224],[91.9398,22.4221],[91.921,22.4179],[91.9114,22.4139],[91.9044,22.409],[91.8928,22.398],[91.8893,22.3913],[91.8875,22.3841],[91.8872,22.3744],[91.8851,22.3607],[91.8848,22.3464],[91.8809,22.3393],[91.8711,22.3301],[91.8598,22.3238],[91.8456,22.3201],[91.8288,22.3189],[91.8253,22.3173],[91.8045,22.3028],[91.7986,22.2934],[91.7981,22.2885],[91.8018,22.281],[91.807,22.2775],[91.8143,22.275],[91.8281,22.2741],[91.836,22.2704],[91.8398,22.2659],[91.8404,22.2599],[91.8339,22.2445],[91.8305,22.2403],[91.8157,22.2297],[91.8146,22.2272],[91.8162,22.2199],[91.8133,22.2178],[91.8139,22.2119],[91.8123,22.2082],[91.8146,22.1935],[91.8225,22.1654],[91.8241,22.1567],[91.8285,22.1473],[91.8323,22.1344],[91.8414,22.1184],[91.8467,22.1146],[91.8517,22.1154],[91.8527,22.1183],[91.8427,22.1391],[91.8418,22.1457],[91.8433,22.1506],[91.8495,22.1547],[91.8562,22.1545],[91.8611,22.151],[91.8621,22.1462],[91.8592,22.1354],[91.8752,22.1322],[91.8936,22.1248],[91.9019,22.1238],[91.9051,22.1269],[91.9015,22.1322],[91.889,22.1393],[91.8786,22.1424],[91.8697,22.1536],[91.8686,22.16],[91.8793,22.1608],[91.8918,22.1585],[91.8952,22.1539],[91.8851,22.1553],[91.8794,22.1535],[91.8767,22.1474],[91.8819,22.1439],[91.8954,22.1405],[91.9025,22.1363],[91.907,22.1292],[91.9074,22.1253],[91.9031,22.1204],[91.8778,22.126],[91.867,22.1272],[91.8601,22.1295],[91.8553,22.1342],[91.8541,22.1425],[91.8572,22.1496],[91.8523,22.1526],[91.8474,22.1508],[91.8472,22.1425],[91.851,22.134],[91.855,22.1294],[91.8624,22.1172],[91.8643,22.1087],[91.8614,22.099],[91.8647,22.0819],[91.8679,22.0771],[91.8773,22.0512],[91.8787,22.0428],[91.876,22.0374],[91.8784,22.0267],[91.8784,22.0219],[91.8738,22.0029],[91.8705,22.0023],[91.8752,21.9933],[91.8772,21.9873],[91.8828,21.9805],[91.886,21.9684],[91.8853,21.9638],[91.8871,21.9585],[91.8908,21.9537],[91.8904,21.948],[91.8997,21.9439],[91.9027,21.934],[91.9085,21.9303],[91.9091,21.9268],[91.9064,21.9214],[91.9066,21.91],[91.9132,21.8893],[91.9145,21.8745],[91.9168,21.8626],[91.915,21.8398],[91.9104,21.8208],[91.9071,21.8116],[91.8918,21.7812],[91.882,21.757],[91.8792,21.7424],[91.8754,21.7328],[91.8706,21.7166],[91.8641,21.709],[91.8582,21.697],[91.8593,21.6926],[91.8554,21.6837],[91.856,21.6719],[91.8639,21.666],[91.8645,21.6609],[91.8687,21.6582],[91.8717,21.6536],[91.8779,21.6479],[91.8825,21.6473],[91.8879,21.6494],[91.888,21.6552],[91.8793,21.67],[91.8807,21.6726],[91.8872,21.6643],[91.8917,21.6553],[91.8924,21.6492],[91.8908,21.641],[91.8848,21.628],[91.8786,21.6228],[91.8725,21.6215],[91.869,21.615],[91.8694,21.6054],[91.8657,21.5936],[91.8706,21.5937],[91.876,21.6031],[91.8805,21.6013],[91.8827,21.596],[91.8812,21.5927],[91.8751,21.5904],[91.8715,21.582],[91.8711,21.5764],[91.8609,21.5733],[91.8593,21.5652],[91.8643,21.559],[91.8699,21.5603],[91.8712,21.5541],[91.8758,21.5524],[91.8844,21.5448],[91.8821,21.5418],[91.8713,21.541],[91.8614,21.5431],[91.8574,21.5378],[91.851,21.5324],[91.856,21.5145],[91.8663,21.5059],[91.8683,21.5011],[91.8714,21.5006],[91.8792,21.4925],[91.8862,21.4879],[91.8927,21.48],[91.9036,21.4752],[91.9141,21.4738],[91.9168,21.47],[91.9217,21.4815],[91.9248,21.484],[91.9317,21.4825],[91.936,21.4892],[91.9273,21.4882],[91.9269,21.4934],[91.9394,21.4917],[91.9413,21.4936],[91.9395,21.5035],[91.9532,21.5033],[91.9578,21.5056],[91.9709,21.5065],[91.976,21.5088],[91.9776,21.5118],[91.9782,21.5255],[91.9809,21.5365],[91.9817,21.5442],[91.981,21.5522],[91.9847,21.5942],[91.9889,21.6041],[91.9934,21.6061],[91.989,21.6296],[91.983,21.6434],[91.9753,21.6531],[91.9697,21.6577],[91.9615,21.6673],[91.9482,21.705],[91.9499,21.7063],[91.962,21.6715],[91.9687,21.6627],[91.9783,21.656],[91.9868,21.6456],[91.9931,21.6347],[91.997,21.6327],[92.0001,21.6265],[92.0061,21.6185],[92.0089,21.613],[92.0094,21.6037],[92.0074,21.6007],[92.0118,21.5975],[92.0038,21.596],[92,21.5909],[91.9932,21.5765],[91.9922,21.57],[91.9953,21.559],[91.9989,21.5393],[92.0001,21.5246],[92.0017,21.516],[91.9889,21.4905],[91.9796,21.474],[91.9742,21.4739],[91.9704,21.4764],[91.9608,21.4731],[91.9511,21.4653],[91.949,21.4586],[91.9526,21.4504],[91.9605,21.4383],[91.9774,21.4214],[91.983,21.4181],[91.9883,21.4071],[91.9967,21.3966],[92.0003,21.3936],[92.0033,21.388],[92.0174,21.3682],[92.0204,21.3628],[92.0244,21.3504],[92.0273,21.347],[92.0301,21.3381],[92.0349,21.3286],[92.0358,21.3242],[92.0347,21.3159],[92.0395,21.3121],[92.0427,21.304],[92.0429,21.2984],[92.048,21.2862],[92.0458,21.2761],[92.0473,21.2697],[92.0468,21.2607],[92.0438,21.2345],[92.0467,21.2236],[92.0455,21.2144],[92.0471,21.208],[92.0471,21.188],[92.0462,21.1846],[92.0496,21.1769],[92.0538,21.1708],[92.0544,21.167],[92.0668,21.1514],[92.0794,21.1375],[92.0827,21.1328],[92.0997,21.112],[92.115,21.095],[92.143,21.062],[92.1601,21.0434],[92.174,21.0271],[92.1852,21.0108],[92.1882,21.0049],[92.1973,20.9759],[92.2027,20.9576],[92.2115,20.9425],[92.2175,20.9267],[92.2236,20.9168],[92.2248,20.9125],[92.2362,20.8982],[92.2531,20.874],[92.2609,20.8605],[92.2637,20.8573],[92.2772,20.8351],[92.289,20.8125],[92.3023,20.7823],[92.3116,20.7667],[92.317,20.7597],[92.3311,20.7465],[92.3426,20.7405],[92.3468,20.7421],[92.3403,20.7468],[92.3426,20.7504],[92.3415,20.759],[92.338,20.7604],[92.3404,20.7669],[92.3362,20.7795],[92.3351,20.7916],[92.326,20.8104],[92.3228,20.8189],[92.3213,20.8337],[92.3167,20.85],[92.2993,20.8894],[92.2836,20.901],[92.2769,20.9084],[92.2701,20.9195],[92.2685,20.9278],[92.2621,20.9495],[92.2612,20.9622],[92.2634,20.9784],[92.2584,20.9925],[92.2588,21.0036],[92.2568,21.0121],[92.2523,21.0203],[92.2512,21.0256],[92.2535,21.0313],[92.2532,21.0359],[92.2574,21.0503],[92.2634,21.0562],[92.265,21.0622],[92.2583,21.0788],[92.2335,21.0968],[92.2237,21.1199],[92.2174,21.1226],[92.207,21.1189],[92.2004,21.1244],[92.1976,21.1393],[92.2032,21.1502],[92.1993,21.1613],[92.1924,21.1634],[92.1803,21.1589],[92.1758,21.16],[92.1726,21.1708],[92.1725,21.1812],[92.1796,21.1851],[92.1843,21.1932],[92.2012,21.2066],[92.2068,21.2137],[92.2102,21.2247],[92.2144,21.2258],[92.2181,21.2319],[92.2108,21.2482],[92.2197,21.2576],[92.212,21.2833],[92.1978,21.3196],[92.2115,21.3398],[92.244,21.3561],[92.2588,21.3622],[92.2558,21.3892],[92.2696,21.4004],[92.2691,21.4282],[92.2917,21.4305],[92.2972,21.4201],[92.3022,21.4235],[92.3092,21.4182],[92.3149,21.4217],[92.321,21.4196],[92.33,21.4202],[92.3264,21.432],[92.3332,21.4325],[92.3379,21.436],[92.3435,21.4669],[92.381,21.4799],[92.4281,21.4236],[92.4388,21.3652],[92.4596,21.3691],[92.4991,21.3611],[92.5111,21.3639],[92.5085,21.3773],[92.5338,21.3804],[92.5347,21.3775],[92.5395,21.3761],[92.5503,21.3802],[92.5551,21.3843],[92.5611,21.3801],[92.5612,21.376],[92.564,21.372],[92.5622,21.3637],[92.566,21.3563],[92.5677,21.3428],[92.5715,21.3347],[92.5723,21.3223],[92.5763,21.3185],[92.5785,21.3081],[92.5828,21.2984],[92.5856,21.2877],[92.584,21.2823],[92.5863,21.2714],[92.5909,21.2646],[92.5946,21.2458],[92.597,21.2436],[92.6115,21.2465],[92.6154,21.2509],[92.623,21.251],[92.6218,21.2568],[92.6299,21.2632],[92.6295,21.2686],[92.6399,21.2712],[92.642,21.2742],[92.6468,21.2734],[92.6635,21.2791],[92.6677,21.2819],[92.6743,21.2829],[92.6803,21.2856],[92.6798,21.2977],[92.6732,21.3052],[92.6712,21.3105],[92.6647,21.3177],[92.6582,21.3399],[92.6568,21.3477],[92.6511,21.3586],[92.6505,21.3679],[92.6486,21.3796],[92.6504,21.3859],[92.649,21.3908],[92.6434,21.4],[92.6428,21.4098],[92.6401,21.4158],[92.6385,21.4373],[92.6344,21.4385],[92.6309,21.4479],[92.6316,21.4513],[92.6272,21.4641],[92.6262,21.4723],[92.6244,21.4749],[92.6272,21.4813],[92.6274,21.4869],[92.6256,21.4963],[92.6218,21.5049],[92.6228,21.5072],[92.6196,21.5171],[92.6201,21.5319],[92.6175,21.5456],[92.6153,21.5644],[92.6152,21.5704],[92.6111,21.5777],[92.609,21.5847],[92.6083,21.5941],[92.6086,21.6106],[92.611,21.6214],[92.6083,21.6311],[92.606,21.6449],[92.6018,21.6547],[92.6045,21.6733],[92.6077,21.6813],[92.6066,21.6903],[92.6016,21.7038],[92.6019,21.7129],[92.6044,21.7223],[92.6087,21.7311],[92.6063,21.7367],[92.6054,21.7432],[92.6089,21.7467],[92.6076,21.7516],[92.6091,21.7658],[92.611,21.769],[92.6119,21.7817],[92.61,21.785],[92.6103,21.7934],[92.6082,21.7952],[92.6083,21.8049],[92.6101,21.8119],[92.6094,21.8171],[92.6182,21.8227],[92.6209,21.8275],[92.6155,21.8322],[92.6163,21.8356],[92.6135,21.8424],[92.6139,21.8519],[92.6172,21.8545],[92.6189,21.8595],[92.6229,21.8623],[92.627,21.8609],[92.6318,21.8632],[92.6304,21.8681],[92.6343,21.8754],[92.631,21.8809],[92.6302,21.8898],[92.628,21.8939],[92.6259,21.9089],[92.6223,21.9137],[92.6227,21.9175],[92.6196,21.9234],[92.6157,21.9215],[92.612,21.9236],[92.6138,21.9279],[92.6102,21.9297],[92.6176,21.9399],[92.6105,21.947],[92.6135,21.9552],[92.6096,21.9607],[92.6107,21.9656],[92.6061,21.9715],[92.6059,21.9763],[92.6032,21.9787],[92.6035,21.9829],[92.6113,21.9862],[92.6123,21.9928],[92.6088,21.9995],[92.6025,22.0034],[92.5975,22.013],[92.6005,22.0225],[92.5995,22.0287],[92.594,22.0325],[92.5926,22.0411],[92.5991,22.0424],[92.5979,22.0479],[92.6003,22.0532],[92.6012,22.0616],[92.5953,22.0622],[92.5898,22.0708],[92.5906,22.081],[92.585,22.0825],[92.5817,22.0918],[92.5825,22.0977],[92.5766,22.1051],[92.5752,22.1162],[92.5725,22.1198],[92.5625,22.1283],[92.5639,22.1337],[92.5678,22.1357],[92.5764,22.136],[92.5763,22.1397],[92.5817,22.1421],[92.5919,22.1395],[92.5932,22.1377],[92.5893,22.1308],[92.594,22.1256],[92.5996,22.1232],[92.6055,22.1233],[92.6106,22.1379],[92.6066,22.1661],[92.6042,22.1717],[92.5965,22.1755],[92.5949,22.184],[92.5966,22.1904],[92.5944,22.1977],[92.5936,22.2086],[92.5914,22.2144],[92.588,22.216],[92.5903,22.2211],[92.5882,22.2307],[92.5917,22.2393],[92.5913,22.2468],[92.5894,22.2542],[92.5843,22.2616],[92.5843,22.2674],[92.581,22.2693],[92.5853,22.2765],[92.5826,22.2912],[92.5827,22.2984],[92.5806,22.3032],[92.5814,22.3087],[92.578,22.3105],[92.578,22.3167],[92.5812,22.3218],[92.5767,22.3252],[92.5751,22.3364],[92.5751,22.3424],[92.5728,22.3517],[92.5686,22.3602],[92.5665,22.371],[92.5635,22.3802],[92.5593,22.3821],[92.5612,22.3888],[92.5585,22.3941],[92.5593,22.3999],[92.5547,22.4056],[92.558,22.4089],[92.5524,22.4131],[92.5545,22.417],[92.5508,22.4228],[92.5545,22.4235],[92.5553,22.4289],[92.5544,22.4363],[92.5495,22.4437],[92.5515,22.4463],[92.551,22.4547],[92.5458,22.4687],[92.5476,22.476],[92.5443,22.4833],[92.5454,22.4878],[92.5439,22.4948],[92.5492,22.4957],[92.5463,22.5002],[92.5501,22.5144],[92.5469,22.5151],[92.5394,22.5286],[92.5415,22.5337],[92.5398,22.5409],[92.531,22.5462],[92.5322,22.5503],[92.5301,22.5555],[92.5242,22.5579],[92.5239,22.5612],[92.5279,22.5657],[92.527,22.5726],[92.5325,22.5717],[92.5381,22.5753],[92.537,22.5848],[92.5348,22.5918],[92.5354,22.6],[92.5305,22.6034],[92.53,22.6094],[92.5321,22.6118],[92.5286,22.6159],[92.5298,22.6256],[92.5326,22.6277],[92.5323,22.6333],[92.5263,22.6336],[92.5245,22.6407],[92.5235,22.6554],[92.5265,22.6604],[92.5255,22.6718],[92.5222,22.6752],[92.5232,22.6793],[92.5188,22.688],[92.5187,22.6935],[92.5164,22.7046],[92.5138,22.7089],[92.5174,22.7159],[92.5165,22.7224],[92.514,22.7233],[92.5082,22.7322],[92.5077,22.7369],[92.491,22.7413],[92.4902,22.7457],[92.4822,22.7472],[92.4765,22.7454],[92.4787,22.7515],[92.4738,22.7596],[92.4728,22.7653],[92.4756,22.7709],[92.4726,22.7764],[92.4724,22.7817],[92.4693,22.7821],[92.4712,22.7981],[92.4647,22.8045],[92.4666,22.8089],[92.4583,22.8173],[92.4581,22.8232],[92.4552,22.8258],[92.4618,22.8308],[92.4574,22.838],[92.46,22.8506],[92.4643,22.8547],[92.4601,22.8577],[92.4612,22.8617],[92.4533,22.8613],[92.4519,22.8651],[92.455,22.8702],[92.4595,22.8722],[92.4482,22.877],[92.4503,22.8895],[92.4494,22.8947],[92.4457,22.8975],[92.4362,22.8856],[92.433,22.8867],[92.4328,22.8924],[92.4264,22.8972],[92.4209,22.9081],[92.4207,22.9168],[92.4117,22.9139],[92.4067,22.918],[92.4036,22.9182],[92.4026,22.9123],[92.3985,22.9145],[92.3973,22.9183],[92.4012,22.924],[92.3978,22.9294],[92.3928,22.9308],[92.3799,22.9296],[92.3727,22.9402],[92.3776,22.9553],[92.3728,22.9585],[92.3754,22.9635],[92.3743,22.9701],[92.3773,22.9743],[92.3801,22.982],[92.3844,22.9826],[92.382,22.9875],[92.385,22.9928],[92.3822,22.9986],[92.3831,23.0088],[92.38,23.011],[92.3801,23.0162],[92.3848,23.0273],[92.3823,23.0333],[92.3835,23.0379],[92.3879,23.0398],[92.3881,23.0447],[92.3921,23.0539],[92.3887,23.0647],[92.3828,23.0723],[92.3846,23.0782],[92.381,23.0803],[92.3803,23.0854],[92.375,23.0847],[92.3712,23.089],[92.369,23.0952],[92.3617,23.1005],[92.3582,23.1059],[92.3624,23.1178],[92.3664,23.1226],[92.3655,23.1271],[92.3577,23.1346],[92.3626,23.1603],[92.3624,23.1651],[92.3587,23.1688],[92.3565,23.1761],[92.3611,23.1828],[92.354,23.1847],[92.3527,23.1959],[92.3536,23.2018],[92.3533,23.2243],[92.3507,23.2343],[92.3467,23.2358],[92.4013,23.2367],[92.397,23.25],[92.3984,23.2558],[92.3895,23.2595],[92.3883,23.2655],[92.3946,23.2645],[92.388,23.2815],[92.3809,23.2853],[92.3828,23.2916],[92.3828,23.3015],[92.3857,23.3063],[92.3761,23.3131],[92.3772,23.3185],[92.3709,23.3184],[92.3682,23.3256],[92.3745,23.3369],[92.3759,23.3468],[92.3808,23.3517],[92.3804,23.3557],[92.3763,23.3573],[92.379,23.3621],[92.3748,23.3657],[92.3692,23.3672],[92.3613,23.367],[92.3561,23.3727],[92.3649,23.3797],[92.3633,23.3812],[92.3558,23.3798],[92.3566,23.3849],[92.3538,23.3914],[92.3529,23.3995],[92.3581,23.4056],[92.3572,23.4109],[92.3525,23.4137],[92.3475,23.4133],[92.3479,23.4239],[92.3463,23.4334],[92.3416,23.4357],[92.3355,23.4332],[92.3306,23.4401],[92.3286,23.45],[92.3292,23.4545],[92.3253,23.4592],[92.3308,23.4601],[92.3317,23.4664],[92.3285,23.4665],[92.317,23.4718],[92.3237,23.4738],[92.3216,23.4831],[92.3163,23.4874],[92.3219,23.4919],[92.3192,23.5004],[92.3188,23.508],[92.3131,23.5197],[92.3173,23.5244],[92.3139,23.5331],[92.3083,23.5327],[92.3069,23.536],[92.3106,23.5472],[92.3086,23.55],[92.3117,23.5599],[92.3071,23.5635],[92.3091,23.5702],[92.3051,23.5737],[92.3081,23.5778],[92.2982,23.5926],[92.2967,23.5881],[92.2893,23.5979],[92.2872,23.6168],[92.2897,23.6199],[92.2958,23.6215],[92.2879,23.6291],[92.2764,23.6316],[92.2798,23.6392],[92.2734,23.644],[92.2751,23.6501],[92.2779,23.6534],[92.2811,23.661],[92.2834,23.6619],[92.289,23.6801],[92.2908,23.691],[92.2898,23.7],[92.2781,23.7111],[92.2782,23.7175],[92.2747,23.7204],[92.2644,23.7248],[92.2494,23.7243],[92.2396,23.7186],[92.2371,23.7113],[92.2392,23.7093],[92.2396,23.7034],[92.2425,23.6991],[92.2406,23.693],[92.2366,23.6929],[92.2307,23.6755],[92.2332,23.6676],[92.2297,23.6662],[92.2257,23.6552],[92.2193,23.652],[92.2125,23.6529],[92.211,23.6589],[92.2067,23.6611],[92.2064,23.6752],[92.2125,23.6812],[92.2138,23.6851],[92.2109,23.6888],[92.207,23.7007],[92.2,23.7068],[92.1935,23.7068],[92.1856,23.7106],[92.1829,23.7076],[92.1785,23.7081],[92.1765,23.7165],[92.1731,23.7178],[92.1696,23.7234],[92.1714,23.7263],[92.1718,23.7387],[92.1624,23.7397],[92.152,23.7341],[92.1486,23.7357],[92.1442,23.7332],[92.1421,23.7254],[92.1353,23.7175],[92.129,23.708],[92.1252,23.7066],[92.1229,23.6996],[92.1238,23.6958],[92.1208,23.6928],[92.1132,23.6918],[92.1072,23.6895],[92.1039,23.686],[92.1042,23.6809],[92.0997,23.6768],[92.0875,23.6807],[92.0831,23.6801],[92.0806,23.6714],[92.0763,23.668],[92.0795,23.6648],[92.0793,23.6559],[92.0765,23.6489],[92.0691,23.6483],[92.0617,23.6455],[92.0576,23.6486],[92.0506,23.6495],[92.046,23.6468],[92.0403,23.6488],[92.0296,23.6585],[92.0199,23.6629],[92.0089,23.6635],[92.0063,23.6709],[92,23.6713],[91.999,23.6778],[91.9967,23.6799],[91.9938,23.6877],[91.9931,23.6948],[91.9888,23.7012],[91.9889,23.7049],[91.9851,23.7165],[91.9851,23.723],[91.9804,23.7237],[91.978,23.7313],[91.9721,23.7318],[91.9685,23.7296],[91.9596,23.735],[91.9504,23.7262],[91.9519,23.7183],[91.9481,23.7139],[91.9499,23.711],[91.9506,23.702],[91.9573,23.694],[91.9508,23.6947],[91.9404,23.6931],[91.9407,23.6886],[91.9365,23.688],[91.9339,23.6844],[91.9367,23.6807],[91.9404,23.6703],[91.9407,23.654],[91.9433,23.6525],[91.9465,23.6461],[91.9449,23.6435],[91.9468,23.6378],[91.9422,23.6349],[91.9477,23.6258],[91.9523,23.6116],[91.954,23.6098],[91.9518,23.6007],[91.954,23.5918],[91.9541,23.5869],[91.9566,23.5821],[91.9554,23.5756],[91.9586,23.5716],[91.9572,23.5677],[91.9594,23.5641],[91.9565,23.5585],[91.9587,23.5529],[91.9568,23.5513],[91.9645,23.5354],[91.9589,23.5324],[91.9562,23.5258],[91.9601,23.5186],[91.9662,23.5152],[91.971,23.5027],[91.9685,23.4994],[91.9708,23.4921],[91.9686,23.4877],[91.9702,23.4825],[91.9691,23.4765],[91.9654,23.4786],[91.9582,23.4797],[91.9476,23.4697],[91.9414,23.4662],[91.9379,23.4669],[91.9379,23.4592],[91.9409,23.4506],[91.9401,23.4474],[91.9431,23.4371],[91.9374,23.4325],[91.9329,23.4353],[91.924,23.4338],[91.9184,23.4397],[91.9144,23.4371],[91.9093,23.4367],[91.8996,23.4407],[91.8995,23.4372],[91.8952,23.4315],[91.8906,23.4338],[91.8869,23.427],[91.8823,23.4253],[91.874,23.4193],[91.873,23.4143],[91.8672,23.4126],[91.8603,23.4063],[91.8547,23.4068],[91.8509,23.4042],[91.845,23.4048],[91.8453,23.4007],[91.841,23.3999],[91.8419,23.3885],[91.8362,23.3866],[91.8378,23.3788],[91.8376,23.3709],[91.8328,23.3696],[91.8259,23.3628],[91.825,23.3525],[91.8185,23.3505],[91.8159,23.3447],[91.8119,23.3454],[91.8067,23.3393],[91.8045,23.3324],[91.7997,23.3331],[91.7929,23.3295],[91.7917,23.3265],[91.7832,23.3245],[91.7793,23.3177],[91.7725,23.3153],[91.7661,23.3091],[91.7625,23.3025],[91.7628,23.2924],[91.7606,23.2913],[91.7651,23.2726],[91.7761,23.2676],[91.777,23.2608],[91.7751,23.2557],[91.7797,23.2538],[91.7794,23.248],[91.7762,23.2441],[91.7799,23.2401],[91.7845,23.2413],[91.7847,23.2339]]]]},"properties":{"division":"Chittagong"}},
{"type":"Feature","geometry":{"type":"MultiPolygon","coordinates":[[[[89.8877,22.1652],[89.8859,22.1637],[89.8886,22.151],[89.8912,22.1501],[89.8877,22.1652]]],[[[89.9438,22.8565],[89.9315,22.8603],[89.9223,22.8641],[89.92,22.8698],[89.9199,22.8808],[89.9131,22.8819],[89.901,22.8807],[89.8904,22.8811],[89.8806,22.8852],[89.874,22.8865],[89.8578,22.8864],[89.8506,22.8883],[89.8496,22.8932],[89.8532,22.8953],[89.8622,22.8961],[89.8652,22.8995],[89.8641,22.9038],[89.8518,22.9088],[89.8381,22.9167],[89.8256,22.9304],[89.816,22.9368],[89.808,22.9377],[89.802,22.9404],[89.8023,22.9449],[89.8062,22.9557],[89.8057,22.9637],[89.8014,22.9719],[89.7946,22.9765],[89.7925,22.9804],[89.7937,22.9898],[89.7968,22.9963],[89.7908,22.9998],[89.7795,23.0028],[89.7687,23.0045],[89.7625,23.0074],[89.7577,23.0136],[89.7556,23.0231],[89.7547,23.032],[89.7502,23.0424],[89.7449,23.0505],[89.7338,23.0513],[89.7297,23.0534],[89.7287,23.06],[89.7364,23.0711],[89.7329,23.0764],[89.7271,23.0797],[89.7049,23.0895],[89.6906,23.0987],[89.6783,23.1121],[89.6726,23.1231],[89.6736,23.1295],[89.6775,23.1329],[89.6862,23.1328],[89.6947,23.1276],[89.7,23.1146],[89.7049,23.1135],[89.7136,23.1163],[89.7295,23.1264],[89.7386,23.1296],[89.7419,23.1399],[89.7389,23.1477],[89.7302,23.1585],[89.7323,23.1682],[89.739,23.1734],[89.7608,23.1746],[89.765,23.1789],[89.7634,23.1821],[89.7574,23.1866],[89.7517,23.1878],[89.7409,23.1877],[89.7325,23.1862],[89.7137,23.1779],[89.7026,23.1701],[89.6961,23.162],[89.6899,23.1635],[89.6859,23.1688],[89.6798,23.1799],[89.679,23.1833],[89.6813,23.198],[89.6842,23.2073],[89.6844,23.2126],[89.6885,23.2202],[89.6856,23.2272],[89.6726,23.2429],[89.6684,23.2449],[89.6636,23.2426],[89.655,23.2406],[89.6475,23.2346],[89.6418,23.2325],[89.6367,23.2338],[89.633,23.2377],[89.632,23.2483],[89.6368,23.2616],[89.648,23.2724],[89.658,23.2765],[89.6685,23.2774],[89.6657,23.2828],[89.6577,23.2871],[89.6492,23.2897],[89.6422,23.2901],[89.6338,23.289],[89.6255,23.2929],[89.6208,23.2974],[89.6177,23.3043],[89.6204,23.3075],[89.6279,23.301],[89.6349,23.2972],[89.6349,23.3018],[89.6276,23.3051],[89.6215,23.3102],[89.6165,23.3167],[89.6098,23.331],[89.6043,23.3377],[89.6032,23.3419],[89.6041,23.3489],[89.6072,23.3582],[89.608,23.37],[89.5999,23.3779],[89.6011,23.3806],[89.6075,23.3822],[89.6145,23.3817],[89.6176,23.3868],[89.6167,23.394],[89.6085,23.4124],[89.6066,23.4244],[89.6076,23.434],[89.6071,23.4468],[89.6075,23.467],[89.606,23.4727],[89.6006,23.4788],[89.5806,23.4931],[89.5724,23.4981],[89.5454,23.5077],[89.5271,23.513],[89.5183,23.513],[89.5115,23.5107],[89.5082,23.5064],[89.5093,23.494],[89.5076,23.4782],[89.5037,23.476],[89.4959,23.475],[89.4903,23.4822],[89.4893,23.4891],[89.4899,23.5006],[89.4923,23.5068],[89.5014,23.521],[89.5149,23.5283],[89.5217,23.5301],[89.5324,23.5287],[89.5375,23.5361],[89.5345,23.5411],[89.523,23.5505],[89.511,23.5514],[89.5042,23.5537],[89.4993,23.5581],[89.4983,23.5655],[89.5,23.5721],[89.4981,23.5778],[89.4942,23.583],[89.4842,23.5928],[89.4729,23.5955],[89.4706,23.5971],[89.4741,23.6055],[89.4821,23.6199],[89.4802,23.6275],[89.4701,23.6348],[89.4558,23.6388],[89.442,23.6389],[89.4363,23.6458],[89.4359,23.6506],[89.4395,23.6555],[89.4395,23.6588],[89.4283,23.6655],[89.4162,23.6737],[89.4113,23.6819],[89.4046,23.6815],[89.3857,23.6765],[89.3786,23.6705],[89.3762,23.6658],[89.3666,23.6641],[89.366,23.668],[89.3588,23.6713],[89.3491,23.6711],[89.35,23.6789],[89.3442,23.6857],[89.3341,23.6912],[89.3289,23.6983],[89.3216,23.703],[89.3235,23.7098],[89.3225,23.7132],[89.3138,23.7166],[89.3115,23.7194],[89.312,23.729],[89.3069,23.7343],[89.2983,23.7357],[89.2988,23.7381],[89.3062,23.7452],[89.315,23.7475],[89.3211,23.7613],[89.322,23.766],[89.3125,23.7674],[89.3111,23.7762],[89.3188,23.7757],[89.3302,23.7785],[89.3305,23.7906],[89.329,23.795],[89.3296,23.8043],[89.3369,23.8191],[89.338,23.8236],[89.3365,23.8287],[89.3398,23.8304],[89.3451,23.839],[89.3513,23.8411],[89.3506,23.8493],[89.3524,23.8623],[89.3568,23.8652],[89.3578,23.8685],[89.3632,23.8701],[89.3582,23.875],[89.3608,23.8828],[89.3554,23.8859],[89.3515,23.883],[89.3471,23.8892],[89.3374,23.8827],[89.3232,23.8767],[89.312,23.8744],[89.3047,23.8831],[89.3039,23.8888],[89.2948,23.8909],[89.2846,23.8966],[89.2803,23.9056],[89.2752,23.9042],[89.2735,23.9013],[89.2691,23.881],[89.2653,23.8778],[89.2586,23.8847],[89.2591,23.8999],[89.2624,23.9098],[89.2596,23.9154],[89.2565,23.9156],[89.2528,23.9228],[89.2513,23.9338],[89.248,23.9341],[89.2405,23.9392],[89.2365,23.944],[89.2354,23.9497],[89.2358,23.968],[89.237,23.9729],[89.2305,23.9759],[89.2202,23.9715],[89.2159,23.9727],[89.2163,23.9885],[89.2088,23.9888],[89.1978,23.9871],[89.1873,23.9879],[89.1778,23.9874],[89.1763,23.9775],[89.1801,23.9729],[89.1776,23.9668],[89.1794,23.9621],[89.1703,23.9511],[89.1635,23.9498],[89.1483,23.9506],[89.1422,23.9545],[89.1356,23.9556],[89.1319,23.9607],[89.1249,23.9624],[89.1102,23.9593],[89.0993,23.9599],[89.0965,23.9636],[89.0962,23.9725],[89.0894,23.9747],[89.0824,23.9749],[89.0728,23.9779],[89.0628,23.9874],[89.0626,23.9916],[89.0481,24.0196],[89.0463,24.0262],[89.0309,24.0715],[89.03,24.0802],[89.0275,24.0846],[89.0255,24.0936],[89.017,24.1049],[89.0145,24.1106],[89.0096,24.1161],[88.9996,24.1203],[88.9893,24.1218],[88.9676,24.1233],[88.9499,24.1251],[88.9385,24.1317],[88.9282,24.1236],[88.9203,24.1184],[88.9201,24.1249],[88.9219,24.1291],[88.9105,24.1256],[88.9114,24.1129],[88.9065,24.1118],[88.8978,24.1072],[88.8851,24.1018],[88.8744,24.1002],[88.8832,24.1066],[88.8811,24.1152],[88.8713,24.1108],[88.8614,24.1114],[88.8437,24.1259],[88.8352,24.1223],[88.8195,24.1211],[88.8071,24.1241],[88.796,24.1286],[88.7845,24.135],[88.7701,24.15],[88.7572,24.1618],[88.7474,24.175],[88.7382,24.1936],[88.7334,24.1939],[88.7314,24.1776],[88.7315,24.1717],[88.7403,24.1634],[88.744,24.1506],[88.7464,24.1472],[88.7085,24.1201],[88.7007,24.1219],[88.6971,24.1205],[88.693,24.1113],[88.7008,24.1083],[88.7002,24.0944],[88.7036,24.0942],[88.7172,24.1035],[88.7236,24.104],[88.7277,24.1009],[88.7285,24.0905],[88.7249,24.08],[88.7234,24.0719],[88.7254,24.0656],[88.7336,24.0663],[88.7367,24.0614],[88.7283,24.0573],[88.7268,24.0531],[88.7297,24.0502],[88.7338,24.0512],[88.7395,24.0457],[88.738,24.0364],[88.7422,24.0334],[88.734,24.0199],[88.735,24.0169],[88.7311,24.0119],[88.7304,24.0036],[88.7285,23.9989],[88.7299,23.9954],[88.7374,23.9965],[88.7425,24.004],[88.746,24.0058],[88.7572,24.0067],[88.7627,24.0038],[88.7628,23.9959],[88.769,23.9842],[88.7652,23.9812],[88.7561,23.9843],[88.7449,23.9855],[88.7396,23.9846],[88.7356,23.9775],[88.737,23.9712],[88.7334,23.9575],[88.7409,23.9513],[88.7387,23.9497],[88.7402,23.9373],[88.7365,23.9336],[88.7328,23.9228],[88.7354,23.9147],[88.7248,23.913],[88.7229,23.9164],[88.7149,23.9162],[88.713,23.9126],[88.7076,23.9164],[88.7032,23.9119],[88.6995,23.9111],[88.7003,23.899],[88.6884,23.9016],[88.6842,23.8903],[88.6763,23.8846],[88.6642,23.8825],[88.6635,23.879],[88.6675,23.8696],[88.6546,23.8689],[88.6541,23.8656],[88.6458,23.8698],[88.6422,23.8688],[88.6384,23.8714],[88.6301,23.8657],[88.6241,23.8679],[88.6258,23.8721],[88.6239,23.8762],[88.6195,23.877],[88.6125,23.8755],[88.6086,23.8715],[88.6099,23.8654],[88.6059,23.8634],[88.599,23.8696],[88.5947,23.8691],[88.5874,23.8716],[88.584,23.8697],[88.5825,23.8626],[88.5753,23.8617],[88.578,23.8578],[88.5769,23.8521],[88.5828,23.8547],[88.5902,23.8539],[88.5872,23.844],[88.5862,23.8333],[88.5886,23.8277],[88.5989,23.8224],[88.602,23.8182],[88.601,23.8144],[88.5966,23.8114],[88.5876,23.8106],[88.593,23.8066],[88.593,23.8],[88.5882,23.7967],[88.5821,23.7978],[88.5825,23.7916],[88.5728,23.7835],[88.5594,23.7863],[88.5597,23.781],[88.565,23.7774],[88.5716,23.7752],[88.5788,23.7753],[88.5805,23.7652],[88.5804,23.758],[88.5778,23.758],[88.5725,23.7477],[88.5743,23.7398],[88.572,23.7339],[88.5742,23.729],[88.5696,23.7286],[88.5678,23.7149],[88.5651,23.7138],[88.5677,23.7024],[88.5683,23.6949],[88.5675,23.6863],[88.5729,23.6851],[88.5749,23.677],[88.5722,23.6739],[88.5738,23.6668],[88.5689,23.6659],[88.5703,23.6613],[88.5662,23.657],[88.5628,23.6578],[88.5582,23.6492],[88.5632,23.6456],[88.5622,23.6372],[88.571,23.6361],[88.5761,23.6388],[88.5856,23.6392],[88.5937,23.6409],[88.5927,23.6219],[88.5938,23.617],[88.5853,23.6166],[88.5813,23.6099],[88.58,23.6031],[88.5924,23.6033],[88.6015,23.607],[88.6072,23.6047],[88.6093,23.6005],[88.6138,23.6035],[88.621,23.6028],[88.6251,23.607],[88.6382,23.6109],[88.6434,23.6071],[88.6428,23.6021],[88.6382,23.5976],[88.6387,23.5909],[88.6441,23.5917],[88.6453,23.5881],[88.6501,23.5855],[88.6481,23.5805],[88.6549,23.5632],[88.6542,23.5567],[88.6598,23.5528],[88.6597,23.5492],[88.6652,23.5471],[88.6739,23.5483],[88.6829,23.5417],[88.6857,23.5384],[88.6859,23.5328],[88.6916,23.5302],[88.6913,23.5259],[88.6962,23.5239],[88.6957,23.5175],[88.6995,23.5156],[88.7051,23.5172],[88.7125,23.5095],[88.7241,23.5126],[88.7305,23.5026],[88.7319,23.496],[88.7426,23.4867],[88.7538,23.4791],[88.7616,23.48],[88.7563,23.4854],[88.7591,23.4904],[88.7624,23.4905],[88.7662,23.4825],[88.7739,23.4798],[88.7745,23.4828],[88.768,23.49],[88.7719,23.4984],[88.782,23.5019],[88.7834,23.4985],[88.788,23.4984],[88.7919,23.5029],[88.7987,23.4991],[88.7992,23.4912],[88.7948,23.4855],[88.7925,23.4769],[88.7873,23.4696],[88.791,23.4647],[88.7904,23.4506],[88.7944,23.4476],[88.7954,23.4436],[88.785,23.4449],[88.7822,23.4414],[88.7656,23.449],[88.7626,23.4403],[88.7605,23.4271],[88.7565,23.4228],[88.7545,23.4143],[88.7584,23.4132],[88.7611,23.4089],[88.757,23.4046],[88.7511,23.4029],[88.7488,23.3981],[88.7543,23.3952],[88.7529,23.3893],[88.7596,23.3847],[88.7596,23.3736],[88.7657,23.3692],[88.762,23.363],[88.7579,23.3599],[88.7476,23.3624],[88.744,23.355],[88.7468,23.3501],[88.744,23.3487],[88.7337,23.3534],[88.7329,23.3476],[88.7391,23.3433],[88.7349,23.3371],[88.7342,23.3306],[88.7358,23.3274],[88.7444,23.3277],[88.7499,23.3209],[88.7458,23.3138],[88.7459,23.3089],[88.7418,23.3052],[88.7375,23.3051],[88.7301,23.3096],[88.7273,23.3004],[88.7211,23.2975],[88.72,23.3037],[88.7145,23.3059],[88.7064,23.3041],[88.7054,23.309],[88.6962,23.3022],[88.697,23.2937],[88.6988,23.2913],[88.7064,23.2917],[88.7119,23.2849],[88.7109,23.2793],[88.7145,23.2753],[88.7231,23.2735],[88.7244,23.2719],[88.7188,23.2549],[88.7247,23.2537],[88.7353,23.2475],[88.7474,23.244],[88.7539,23.2403],[88.759,23.2419],[88.7596,23.2459],[88.7695,23.245],[88.7732,23.239],[88.7756,23.2316],[88.7739,23.2257],[88.7787,23.2224],[88.7914,23.2217],[88.7977,23.2192],[88.8042,23.2188],[88.8114,23.2217],[88.8085,23.225],[88.8092,23.2287],[88.8065,23.2316],[88.8059,23.2381],[88.81,23.255],[88.8136,23.2522],[88.8282,23.2452],[88.8236,23.2387],[88.8242,23.2338],[88.8332,23.2395],[88.8374,23.2436],[88.8401,23.2372],[88.8448,23.2307],[88.8501,23.2305],[88.8513,23.2341],[88.8563,23.2353],[88.8693,23.2338],[88.8746,23.2343],[88.8857,23.2287],[88.8867,23.2314],[88.9013,23.2332],[88.9068,23.2361],[88.9122,23.234],[88.9149,23.229],[88.9161,23.2195],[88.9185,23.2147],[88.9264,23.218],[88.9302,23.2169],[88.9293,23.2115],[88.9422,23.2064],[88.9475,23.2066],[88.9494,23.2093],[88.9594,23.2139],[88.964,23.2148],[88.9664,23.2192],[88.9755,23.2246],[88.9845,23.221],[88.988,23.2171],[88.9797,23.2126],[88.9856,23.2088],[88.9871,23.2057],[88.9782,23.1886],[88.9744,23.193],[88.9618,23.1932],[88.9583,23.1898],[88.9562,23.182],[88.9462,23.1807],[88.939,23.1769],[88.9353,23.1725],[88.9311,23.1601],[88.9323,23.1562],[88.9308,23.1433],[88.9232,23.1453],[88.9208,23.1433],[88.9179,23.1292],[88.9117,23.1301],[88.9059,23.1252],[88.8998,23.1122],[88.8906,23.1079],[88.8836,23.1112],[88.8792,23.105],[88.8711,23.1023],[88.869,23.0975],[88.8734,23.0957],[88.8746,23.0899],[88.8662,23.0862],[88.866,23.0819],[88.861,23.0774],[88.8669,23.073],[88.8695,23.0678],[88.8738,23.0663],[88.875,23.0617],[88.8742,23.0469],[88.8749,23.0444],[88.8816,23.0406],[88.8817,23.0336],[88.8799,23.0264],[88.8772,23.0262],[88.8722,23.0167],[88.8743,23.0102],[88.8802,23.0085],[88.8766,23.0033],[88.8682,23.006],[88.8574,23.0065],[88.8506,23.0086],[88.8456,23.0077],[88.8529,23.002],[88.8605,23.0029],[88.8657,22.9996],[88.8639,22.9948],[88.8649,22.9865],[88.8706,22.9776],[88.8595,22.9722],[88.857,22.9688],[88.855,22.9591],[88.8589,22.9438],[88.8683,22.9514],[88.8746,22.9482],[88.8795,22.9543],[88.8932,22.9528],[88.893,22.9387],[88.8868,22.9347],[88.8906,22.9274],[88.9058,22.9224],[88.9086,22.9193],[88.9033,22.9141],[88.8956,22.9144],[88.8965,22.9107],[88.9012,22.9064],[88.8982,22.8978],[88.9052,22.8941],[88.9054,22.8859],[88.9092,22.8816],[88.918,22.8786],[88.9225,22.8802],[88.9279,22.8726],[88.9399,22.8749],[88.9447,22.8806],[88.9494,22.8774],[88.9495,22.8736],[88.9574,22.8627],[88.9579,22.8566],[88.9611,22.8547],[88.9685,22.8435],[88.9641,22.8292],[88.9628,22.8189],[88.9554,22.8116],[88.9594,22.808],[88.9578,22.796],[88.9495,22.7974],[88.9417,22.7904],[88.9356,22.7902],[88.9356,22.782],[88.9239,22.7797],[88.9258,22.77],[88.9189,22.7711],[88.916,22.7679],[88.911,22.7579],[88.9145,22.7541],[88.9202,22.7541],[88.9211,22.7503],[88.9166,22.7442],[88.9158,22.7359],[88.9187,22.7307],[88.9252,22.728],[88.9279,22.7181],[88.947,22.7074],[88.9561,22.7041],[88.9623,22.6951],[88.9616,22.6854],[88.9555,22.6861],[88.9477,22.677],[88.9482,22.6742],[88.9449,22.6623],[88.9417,22.6597],[88.9351,22.6584],[88.9332,22.652],[88.9286,22.6515],[88.9329,22.64],[88.9342,22.6336],[88.9347,22.6182],[88.9415,22.6179],[88.9521,22.6209],[88.9582,22.6198],[88.9607,22.6166],[88.9581,22.6084],[88.9511,22.6011],[88.9404,22.5938],[88.9386,22.5902],[88.9414,22.5822],[88.9419,22.5731],[88.9381,22.562],[88.9416,22.557],[88.9574,22.5528],[88.9616,22.5498],[88.968,22.5353],[88.97,22.5254],[88.9728,22.5174],[88.974,22.502],[88.9805,22.4859],[88.9836,22.4818],[88.9952,22.473],[88.9972,22.4676],[88.9958,22.4557],[88.9911,22.4472],[88.9917,22.4427],[88.999,22.4352],[89.0016,22.4282],[88.9905,22.4239],[88.9821,22.4156],[88.9744,22.4109],[88.9735,22.4085],[88.9764,22.4033],[88.9883,22.3942],[88.9909,22.3894],[88.9832,22.3771],[88.9833,22.3727],[88.9879,22.3668],[88.9887,22.3623],[88.9864,22.3571],[88.9887,22.3504],[88.9883,22.3445],[88.9858,22.3336],[88.9859,22.3245],[88.9875,22.3229],[89.0005,22.3239],[89.0085,22.3172],[89.0148,22.3091],[89.0238,22.2995],[89.0246,22.294],[89.0206,22.2937],[89.0132,22.2966],[89.0055,22.2973],[88.9996,22.2962],[88.9956,22.2931],[88.9949,22.2894],[88.9975,22.2832],[89.0134,22.2735],[89.0193,22.2691],[89.0195,22.2636],[89.0148,22.2556],[89.0185,22.2531],[89.0281,22.2586],[89.0343,22.2582],[89.036,22.2544],[89.0355,22.2479],[89.0373,22.236],[89.0428,22.2236],[89.0622,22.206],[89.0702,22.1971],[89.0728,22.1988],[89.0765,22.1906],[89.0756,22.1858],[89.068,22.175],[89.0673,22.1689],[89.0719,22.1535],[89.077,22.1497],[89.085,22.16],[89.0894,22.1622],[89.0965,22.1621],[89.1019,22.1561],[89.1021,22.1484],[89.0943,22.1395],[89.0828,22.1339],[89.0563,22.1092],[89.0483,22.0982],[89.0479,22.0954],[89.0529,22.0788],[89.0534,22.0708],[89.0557,22.0647],[89.0629,22.0591],[89.0712,22.0583],[89.0679,22.0539],[89.0718,22.0463],[89.0847,22.0276],[89.0897,22.0187],[89.0936,22.0205],[89.0942,22.0259],[89.0918,22.0394],[89.0939,22.0503],[89.0979,22.0513],[89.1034,22.0472],[89.1052,22.0523],[89.1113,22.0549],[89.115,22.0639],[89.1188,22.0698],[89.1248,22.0733],[89.1291,22.0737],[89.1359,22.0715],[89.1392,22.0682],[89.1481,22.0779],[89.1442,22.085],[89.1294,22.0975],[89.1257,22.102],[89.1158,22.1205],[89.1169,22.1283],[89.1234,22.1306],[89.139,22.1271],[89.1399,22.1301],[89.1306,22.1349],[89.1288,22.1376],[89.1266,22.1495],[89.1232,22.1526],[89.108,22.1558],[89.1047,22.1591],[89.1023,22.1647],[89.0948,22.1719],[89.0972,22.1734],[89.1031,22.1677],[89.109,22.1584],[89.125,22.1549],[89.1286,22.152],[89.1312,22.1446],[89.1321,22.1369],[89.1397,22.1341],[89.1434,22.131],[89.1435,22.1264],[89.138,22.1239],[89.1235,22.1272],[89.1192,22.1242],[89.1307,22.1022],[89.1422,22.0941],[89.1481,22.087],[89.1515,22.0886],[89.1598,22.0894],[89.1685,22.0859],[89.173,22.0821],[89.1777,22.0868],[89.178,22.099],[89.1803,22.1039],[89.1914,22.1153],[89.1918,22.1201],[89.1866,22.122],[89.1753,22.1215],[89.1701,22.1249],[89.1667,22.1306],[89.1693,22.1419],[89.1639,22.1492],[89.1607,22.1507],[89.1463,22.151],[89.1425,22.153],[89.1389,22.1642],[89.1462,22.1829],[89.1572,22.1918],[89.1587,22.1969],[89.158,22.207],[89.1604,22.208],[89.16,22.1972],[89.1586,22.1911],[89.1492,22.184],[89.1421,22.1691],[89.1412,22.1638],[89.145,22.1532],[89.1643,22.1514],[89.1687,22.1472],[89.171,22.1412],[89.1689,22.1334],[89.1705,22.128],[89.1778,22.1221],[89.1836,22.1237],[89.1919,22.122],[89.1941,22.1185],[89.1919,22.113],[89.1807,22.101],[89.1788,22.0822],[89.1746,22.0799],[89.1708,22.0811],[89.1602,22.0873],[89.1507,22.0856],[89.1584,22.0796],[89.1742,22.0723],[89.1787,22.0649],[89.176,22.0576],[89.1727,22.0535],[89.1652,22.048],[89.1573,22.0455],[89.1547,22.0421],[89.1549,22.0379],[89.1579,22.0328],[89.1633,22.0279],[89.1751,22.0252],[89.1796,22.0271],[89.187,22.0252],[89.1915,22.0213],[89.1954,22.0105],[89.2019,22.0027],[89.2095,22.0051],[89.2141,22.0179],[89.2234,22.0251],[89.2314,22.0386],[89.241,22.051],[89.2454,22.0592],[89.2421,22.0683],[89.2354,22.0763],[89.2177,22.0876],[89.2105,22.0999],[89.2101,22.1054],[89.2073,22.1165],[89.2033,22.1231],[89.1957,22.1283],[89.1915,22.1337],[89.1893,22.1441],[89.1891,22.1503],[89.1915,22.1549],[89.1956,22.1552],[89.2013,22.1488],[89.2055,22.1472],[89.2088,22.1512],[89.21,22.1646],[89.2189,22.17],[89.2174,22.1736],[89.2023,22.1781],[89.197,22.1694],[89.182,22.1647],[89.1821,22.1667],[89.1957,22.1702],[89.1991,22.1783],[89.1947,22.1855],[89.1945,22.19],[89.1982,22.1946],[89.1964,22.2017],[89.1997,22.2159],[89.2017,22.2117],[89.1982,22.2025],[89.1998,22.1943],[89.1959,22.1887],[89.1993,22.1815],[89.2218,22.1735],[89.2209,22.1683],[89.2131,22.1641],[89.2116,22.161],[89.2121,22.1545],[89.2099,22.1468],[89.2023,22.1446],[89.1955,22.15],[89.1919,22.1484],[89.1941,22.1379],[89.1973,22.1318],[89.2044,22.1284],[89.2103,22.1313],[89.22,22.1322],[89.2242,22.1347],[89.2122,22.1377],[89.2099,22.1446],[89.2128,22.1488],[89.2209,22.1525],[89.2263,22.1578],[89.2393,22.1595],[89.2421,22.1625],[89.2371,22.1688],[89.2354,22.1755],[89.2308,22.1853],[89.2238,22.1957],[89.2238,22.2008],[89.2259,22.2038],[89.235,22.2083],[89.242,22.2166],[89.2491,22.2273],[89.2526,22.2249],[89.245,22.2145],[89.2361,22.2057],[89.2302,22.2033],[89.2273,22.1999],[89.2299,22.1919],[89.2382,22.1782],[89.2413,22.1684],[89.2467,22.1624],[89.2417,22.1571],[89.2302,22.1571],[89.2135,22.1448],[89.2133,22.1405],[89.2261,22.1371],[89.2265,22.1326],[89.2232,22.1307],[89.2109,22.1286],[89.2077,22.1268],[89.2136,22.1129],[89.2166,22.0999],[89.232,22.1046],[89.2409,22.1038],[89.2488,22.1007],[89.2534,22.1027],[89.2645,22.1126],[89.2656,22.118],[89.264,22.1365],[89.2656,22.1372],[89.2712,22.1484],[89.2789,22.1588],[89.2857,22.1647],[89.2981,22.1722],[89.3059,22.1786],[89.3116,22.1875],[89.3114,22.1946],[89.3059,22.2112],[89.3074,22.213],[89.3135,22.21],[89.3188,22.2111],[89.3294,22.2006],[89.3303,22.2028],[89.3267,22.2116],[89.3317,22.2117],[89.3349,22.205],[89.3343,22.1981],[89.325,22.1954],[89.3257,22.1888],[89.3334,22.1853],[89.3374,22.1788],[89.3403,22.1491],[89.3385,22.1456],[89.3325,22.1401],[89.33,22.1343],[89.3341,22.128],[89.3379,22.1298],[89.3454,22.1366],[89.3497,22.1371],[89.3545,22.1324],[89.3546,22.127],[89.3508,22.1184],[89.3622,22.1119],[89.366,22.1078],[89.3694,22.1002],[89.3753,22.0993],[89.3799,22.1005],[89.3808,22.1082],[89.3795,22.1148],[89.382,22.1204],[89.3867,22.1236],[89.4049,22.1294],[89.4085,22.1405],[89.4059,22.1471],[89.4062,22.1522],[89.4158,22.1615],[89.4244,22.1623],[89.4289,22.1668],[89.4245,22.174],[89.4143,22.1844],[89.4122,22.1935],[89.4033,22.198],[89.394,22.1979],[89.3913,22.2033],[89.4022,22.209],[89.3985,22.2151],[89.3929,22.2187],[89.3934,22.2227],[89.4015,22.2241],[89.4105,22.2204],[89.4134,22.2246],[89.4191,22.2267],[89.4169,22.2314],[89.4116,22.2354],[89.4089,22.2414],[89.4092,22.2504],[89.412,22.2584],[89.4174,22.2648],[89.424,22.2706],[89.427,22.2788],[89.4264,22.2844],[89.4116,22.2939],[89.4059,22.3058],[89.4069,22.311],[89.4162,22.3213],[89.3964,22.3338],[89.3957,22.3379],[89.4,22.3464],[89.3979,22.3483],[89.3867,22.3475],[89.3821,22.3506],[89.3806,22.3562],[89.3825,22.371],[89.3819,22.3727],[89.3683,22.3714],[89.3629,22.373],[89.3617,22.3766],[89.367,22.3874],[89.3688,22.3848],[89.3647,22.3746],[89.3759,22.3753],[89.3843,22.3734],[89.3849,22.367],[89.3829,22.3549],[89.3841,22.3507],[89.391,22.3498],[89.3972,22.3508],[89.4021,22.3486],[89.4027,22.345],[89.3988,22.3382],[89.3987,22.3343],[89.4208,22.3242],[89.4239,22.3276],[89.4242,22.3322],[89.4203,22.3409],[89.4202,22.345],[89.423,22.349],[89.4238,22.3623],[89.4299,22.3739],[89.4388,22.3859],[89.4338,22.3908],[89.4277,22.4],[89.4245,22.4115],[89.4344,22.4137],[89.435,22.4105],[89.4476,22.4],[89.4485,22.3931],[89.4479,22.3787],[89.4424,22.3667],[89.4336,22.3571],[89.4605,22.3251],[89.4705,22.3126],[89.4733,22.3057],[89.481,22.3103],[89.4815,22.3148],[89.4786,22.3197],[89.4646,22.3285],[89.4566,22.336],[89.4568,22.3418],[89.46,22.3424],[89.4604,22.3339],[89.4767,22.3231],[89.4826,22.3174],[89.483,22.3112],[89.4758,22.3032],[89.4763,22.2994],[89.4881,22.285],[89.4902,22.2808],[89.4919,22.269],[89.4948,22.266],[89.4873,22.2509],[89.4761,22.2328],[89.4786,22.223],[89.4897,22.1952],[89.4933,22.1819],[89.5015,22.1605],[89.5064,22.1432],[89.5117,22.1301],[89.5134,22.1237],[89.5164,22.1034],[89.5238,22.0966],[89.5284,22.0982],[89.541,22.0969],[89.5437,22.0982],[89.5468,22.1091],[89.5485,22.1082],[89.5449,22.0956],[89.5267,22.0957],[89.5332,22.0884],[89.5357,22.0795],[89.5355,22.0698],[89.5334,22.0588],[89.5238,22.0379],[89.5102,22.0166],[89.5184,22.0057],[89.5293,21.998],[89.5322,21.9948],[89.538,22.0055],[89.5416,22.0098],[89.5443,22.0198],[89.548,22.0392],[89.5498,22.0427],[89.5527,22.0541],[89.5607,22.0724],[89.5667,22.0818],[89.5761,22.0981],[89.5812,22.1115],[89.5839,22.1232],[89.5834,22.1281],[89.5804,22.1353],[89.5741,22.1441],[89.5701,22.1518],[89.5619,22.1643],[89.5515,22.1768],[89.5452,22.186],[89.542,22.1959],[89.5416,22.2025],[89.5477,22.214],[89.5536,22.2201],[89.5639,22.2283],[89.5716,22.236],[89.573,22.2445],[89.5705,22.2531],[89.5626,22.2543],[89.5548,22.2588],[89.5525,22.2649],[89.5508,22.2772],[89.5511,22.2847],[89.5503,22.2968],[89.5525,22.3012],[89.539,22.3113],[89.5312,22.3212],[89.5272,22.3306],[89.516,22.3259],[89.5111,22.3303],[89.5114,22.3341],[89.5191,22.3391],[89.5322,22.3397],[89.5329,22.3458],[89.5044,22.3707],[89.5062,22.3705],[89.5165,22.3619],[89.5304,22.3518],[89.5355,22.3452],[89.5349,22.3391],[89.5152,22.3359],[89.5124,22.3314],[89.5158,22.3274],[89.5243,22.3325],[89.53,22.3306],[89.5338,22.3214],[89.5408,22.3126],[89.5539,22.3042],[89.5546,22.2999],[89.5516,22.2928],[89.5539,22.2858],[89.5536,22.2769],[89.5561,22.2612],[89.5587,22.2574],[89.5689,22.2564],[89.5748,22.2509],[89.5771,22.2414],[89.5844,22.2417],[89.5864,22.2443],[89.5809,22.2534],[89.5792,22.2597],[89.5796,22.2683],[89.5819,22.2795],[89.5864,22.2886],[89.5916,22.2946],[89.6005,22.3011],[89.6062,22.3082],[89.6196,22.3328],[89.624,22.3419],[89.6241,22.3504],[89.6196,22.3631],[89.6288,22.3659],[89.6346,22.3521],[89.6364,22.3496],[89.6366,22.3427],[89.6309,22.3273],[89.6251,22.317],[89.6169,22.3056],[89.6149,22.3001],[89.6169,22.2978],[89.6254,22.2939],[89.616,22.2827],[89.6178,22.279],[89.6251,22.2772],[89.6208,22.2701],[89.6132,22.2654],[89.6202,22.2594],[89.6207,22.2567],[89.6123,22.2509],[89.6053,22.2479],[89.6118,22.2448],[89.6153,22.2414],[89.6189,22.2254],[89.6218,22.215],[89.6171,22.2147],[89.6096,22.2211],[89.6046,22.2286],[89.6026,22.2181],[89.6045,22.2116],[89.6071,22.2081],[89.6178,22.2019],[89.6189,22.1937],[89.614,22.1866],[89.6069,22.179],[89.613,22.1704],[89.616,22.1683],[89.6316,22.1671],[89.6439,22.1602],[89.6474,22.1557],[89.6489,22.1497],[89.6512,22.1486],[89.6585,22.1503],[89.662,22.1484],[89.6577,22.1394],[89.6633,22.1381],[89.6705,22.145],[89.6771,22.1424],[89.6816,22.1348],[89.6789,22.121],[89.6736,22.116],[89.6695,22.1041],[89.6666,22.0986],[89.6736,22.0981],[89.6804,22.0996],[89.6845,22.0948],[89.6818,22.0917],[89.6691,22.0883],[89.6745,22.0759],[89.6851,22.067],[89.6957,22.0685],[89.7038,22.0707],[89.7051,22.0814],[89.7045,22.0934],[89.7103,22.1042],[89.7074,22.1234],[89.7089,22.1296],[89.7032,22.1401],[89.6993,22.15],[89.6984,22.1591],[89.6929,22.1678],[89.6898,22.1765],[89.6916,22.1866],[89.6967,22.191],[89.7094,22.1879],[89.7098,22.1995],[89.7042,22.1974],[89.6955,22.1919],[89.6898,22.1924],[89.6871,22.1981],[89.6927,22.211],[89.6918,22.2143],[89.6873,22.2172],[89.6774,22.2083],[89.6727,22.2094],[89.6772,22.2239],[89.6765,22.2366],[89.6753,22.2384],[89.6579,22.2398],[89.6454,22.2438],[89.6368,22.2484],[89.639,22.2516],[89.6557,22.2507],[89.665,22.251],[89.6735,22.2554],[89.6697,22.2578],[89.6526,22.2605],[89.6526,22.2625],[89.6664,22.2591],[89.6734,22.2586],[89.6758,22.2569],[89.6724,22.2529],[89.6676,22.2507],[89.6524,22.2497],[89.6396,22.2507],[89.6401,22.247],[89.6544,22.242],[89.6645,22.2397],[89.6756,22.2394],[89.6782,22.2333],[89.6786,22.224],[89.6766,22.2161],[89.6779,22.2103],[89.6859,22.2181],[89.6943,22.2145],[89.7041,22.2291],[89.7168,22.2435],[89.7247,22.2598],[89.7322,22.2707],[89.7348,22.2772],[89.7309,22.2788],[89.7101,22.2729],[89.7037,22.273],[89.7,22.2764],[89.7055,22.3033],[89.7033,22.3085],[89.696,22.3123],[89.6895,22.3187],[89.6841,22.3296],[89.6768,22.3367],[89.6717,22.3468],[89.6698,22.3576],[89.6664,22.3639],[89.6598,22.368],[89.6532,22.3647],[89.6398,22.3647],[89.6442,22.3686],[89.6492,22.3671],[89.6615,22.3698],[89.6669,22.3666],[89.6718,22.3596],[89.6748,22.3474],[89.6822,22.3332],[89.6913,22.3262],[89.6928,22.3182],[89.7014,22.3122],[89.7037,22.3138],[89.7053,22.3305],[89.7052,22.3394],[89.7084,22.3462],[89.714,22.3493],[89.7068,22.3293],[89.7056,22.3144],[89.7103,22.3034],[89.7065,22.2868],[89.7036,22.2784],[89.7088,22.2766],[89.7211,22.28],[89.7289,22.283],[89.7351,22.2826],[89.7377,22.2799],[89.7371,22.2733],[89.7332,22.2633],[89.7277,22.2564],[89.7235,22.2466],[89.7112,22.2299],[89.7083,22.2271],[89.6975,22.2118],[89.6921,22.1968],[89.6961,22.1968],[89.7036,22.2029],[89.7109,22.2025],[89.7138,22.1987],[89.7149,22.1922],[89.7136,22.1882],[89.709,22.1844],[89.7054,22.1838],[89.6976,22.1867],[89.6942,22.1823],[89.6972,22.1701],[89.7025,22.1611],[89.706,22.1455],[89.7119,22.1323],[89.7138,22.1306],[89.7236,22.134],[89.7351,22.1335],[89.7416,22.1365],[89.7402,22.1417],[89.7411,22.1503],[89.7403,22.1619],[89.7422,22.1774],[89.7451,22.1856],[89.7358,22.1907],[89.7314,22.1975],[89.7418,22.1924],[89.7474,22.1867],[89.7475,22.182],[89.7447,22.1759],[89.7425,22.1605],[89.7448,22.1521],[89.744,22.1385],[89.7491,22.1379],[89.758,22.1347],[89.7626,22.1253],[89.7664,22.1204],[89.7705,22.1115],[89.7723,22.0999],[89.7762,22.0915],[89.7893,22.0837],[89.7958,22.0754],[89.801,22.0723],[89.8029,22.0774],[89.8151,22.0941],[89.8307,22.1121],[89.8359,22.1199],[89.8357,22.1252],[89.8192,22.1314],[89.8109,22.1392],[89.8109,22.1451],[89.8161,22.1512],[89.8327,22.161],[89.8338,22.1651],[89.8273,22.1725],[89.8206,22.1838],[89.8143,22.1983],[89.8049,22.2089],[89.8079,22.2201],[89.8097,22.2098],[89.8198,22.1982],[89.8259,22.1865],[89.83,22.1761],[89.8367,22.1648],[89.8361,22.1597],[89.8288,22.1524],[89.814,22.1455],[89.8135,22.1441],[89.8227,22.1368],[89.8307,22.1324],[89.839,22.1261],[89.8421,22.1197],[89.8408,22.1111],[89.8349,22.1011],[89.8254,22.0915],[89.8057,22.0755],[89.8129,22.0687],[89.8174,22.066],[89.8304,22.0657],[89.8445,22.0634],[89.8516,22.0713],[89.8614,22.0849],[89.8752,22.0946],[89.8812,22.1051],[89.8841,22.1149],[89.8849,22.141],[89.8833,22.1523],[89.8767,22.1765],[89.8859,22.1773],[89.8819,22.1957],[89.8759,22.21],[89.8648,22.2257],[89.8598,22.2413],[89.8578,22.2561],[89.8579,22.2693],[89.8588,22.2766],[89.8624,22.2911],[89.8676,22.3046],[89.8757,22.3201],[89.8852,22.333],[89.8919,22.3409],[89.8956,22.3469],[89.9003,22.3613],[89.9016,22.3697],[89.9011,22.3759],[89.8982,22.3823],[89.885,22.3971],[89.8751,22.4062],[89.8715,22.4116],[89.8709,22.4171],[89.8741,22.4252],[89.8774,22.4283],[89.8863,22.4305],[89.8918,22.4375],[89.9016,22.4441],[89.9107,22.4473],[89.9253,22.4454],[89.93,22.4463],[89.9398,22.4534],[89.9438,22.4595],[89.9446,22.4664],[89.9425,22.4717],[89.9382,22.4752],[89.9307,22.4779],[89.9254,22.4778],[89.9127,22.4736],[89.897,22.4749],[89.8924,22.4773],[89.8841,22.4856],[89.8819,22.4963],[89.8846,22.5027],[89.8916,22.5068],[89.9139,22.5054],[89.9317,22.4968],[89.9499,22.4922],[89.9648,22.4925],[89.9684,22.497],[89.9685,22.5052],[89.9646,22.5077],[89.9549,22.5084],[89.9318,22.5081],[89.9241,22.5095],[89.9235,22.5125],[89.9303,22.5238],[89.9443,22.538],[89.9539,22.5535],[89.9581,22.5641],[89.9585,22.5727],[89.9608,22.5772],[89.9627,22.5891],[89.9607,22.5966],[89.9577,22.5986],[89.9414,22.6015],[89.9206,22.6062],[89.9198,22.6072],[89.9239,22.621],[89.9272,22.6409],[89.924,22.6455],[89.9179,22.6484],[89.9092,22.6507],[89.8959,22.6563],[89.8901,22.6638],[89.8929,22.6728],[89.8967,22.675],[89.8999,22.6729],[89.9092,22.6595],[89.9141,22.6598],[89.9266,22.671],[89.9331,22.6748],[89.9371,22.6794],[89.9333,22.6839],[89.9209,22.6916],[89.9033,22.6954],[89.8812,22.6937],[89.8673,22.6918],[89.8616,22.697],[89.8625,22.702],[89.8747,22.71],[89.8863,22.7151],[89.9027,22.7251],[89.9124,22.7264],[89.9282,22.722],[89.9324,22.7256],[89.9328,22.7471],[89.9306,22.7535],[89.9247,22.7542],[89.9154,22.7515],[89.9102,22.7578],[89.9089,22.7653],[89.9051,22.7701],[89.9054,22.7744],[89.9169,22.7772],[89.9172,22.7802],[89.9224,22.7843],[89.9322,22.782],[89.938,22.7865],[89.9316,22.7941],[89.9278,22.7966],[89.9241,22.7959],[89.9158,22.7983],[89.9141,22.8005],[89.9153,22.8074],[89.9289,22.816],[89.939,22.8245],[89.9444,22.8257],[89.9458,22.8317],[89.9443,22.8373],[89.9403,22.8454],[89.9437,22.8496],[89.9438,22.8565]]],[[[89.2462,21.6891],[89.2344,21.6931],[89.2296,21.7007],[89.2242,21.6986],[89.2239,21.6957],[89.2177,21.6837],[89.2118,21.6684],[89.2096,21.6663],[89.2082,21.6575],[89.2116,21.6525],[89.22,21.6559],[89.2315,21.6529],[89.243,21.6542],[89.2478,21.657],[89.2587,21.6583],[89.2629,21.6621],[89.2602,21.6673],[89.2697,21.6657],[89.2796,21.6693],[89.2913,21.6817],[89.2915,21.6901],[89.2778,21.6953],[89.2589,21.6969],[89.255,21.6952],[89.2501,21.6895],[89.2462,21.6891]]],[[[89.3401,21.6963],[89.346,21.6994],[89.3487,21.7029],[89.3461,21.7083],[89.3432,21.7101],[89.3375,21.7183],[89.3356,21.7173],[89.3304,21.7014],[89.333,21.6975],[89.3401,21.6963]]],[[[89.2757,21.7555],[89.2633,21.7582],[89.252,21.7553],[89.2452,21.7559],[89.2379,21.7531],[89.2305,21.7524],[89.2213,21.7467],[89.2229,21.744],[89.2197,21.738],[89.2226,21.734],[89.2232,21.7247],[89.228,21.7143],[89.228,21.7094],[89.2257,21.7049],[89.2336,21.7044],[89.2366,21.6959],[89.2478,21.692],[89.2547,21.6992],[89.2641,21.7007],[89.2664,21.7029],[89.2775,21.7031],[89.2806,21.707],[89.2793,21.7109],[89.2819,21.7153],[89.2838,21.7239],[89.2885,21.7317],[89.287,21.741],[89.284,21.7503],[89.2757,21.7555]]],[[[89.2121,21.8218],[89.1993,21.8258],[89.1908,21.825],[89.1847,21.8174],[89.19,21.8114],[89.1902,21.8032],[89.1888,21.7982],[89.1901,21.7907],[89.1953,21.7813],[89.209,21.7707],[89.2098,21.765],[89.2148,21.7616],[89.2186,21.7522],[89.2235,21.7523],[89.2317,21.7561],[89.2376,21.7564],[89.2443,21.7592],[89.2541,21.7588],[89.262,21.7615],[89.2756,21.7598],[89.2865,21.7547],[89.2872,21.7586],[89.2843,21.7669],[89.287,21.7819],[89.2818,21.7928],[89.2665,21.7929],[89.2578,21.7945],[89.2534,21.7978],[89.2512,21.802],[89.2422,21.8082],[89.2392,21.8137],[89.2348,21.811],[89.2312,21.8213],[89.2121,21.8218]]],[[[89.8402,21.8278],[89.8375,21.8269],[89.839,21.8162],[89.8409,21.8107],[89.8471,21.8075],[89.8534,21.8082],[89.8533,21.8175],[89.8467,21.8226],[89.8441,21.8271],[89.8402,21.8278]]],[[[89.2709,21.8175],[89.2651,21.8325],[89.2587,21.8325],[89.2566,21.8303],[89.2547,21.8207],[89.2521,21.8176],[89.2456,21.8165],[89.2345,21.8192],[89.2346,21.8128],[89.2384,21.8151],[89.2428,21.8093],[89.2519,21.8036],[89.2573,21.7971],[89.2698,21.7938],[89.2779,21.7954],[89.2805,21.8004],[89.2709,21.8175]]],[[[89.545,21.8495],[89.5403,21.8494],[89.5348,21.8383],[89.5309,21.823],[89.541,21.8045],[89.544,21.8015],[89.5489,21.8006],[89.5498,21.7926],[89.5469,21.7887],[89.5408,21.7859],[89.5397,21.7804],[89.5478,21.7716],[89.5384,21.7736],[89.5381,21.762],[89.5446,21.7458],[89.5544,21.7309],[89.5554,21.7253],[89.5646,21.7174],[89.5739,21.7141],[89.5897,21.7136],[89.5996,21.7184],[89.6063,21.7191],[89.6051,21.7278],[89.6006,21.7316],[89.5929,21.7417],[89.5886,21.749],[89.5866,21.7643],[89.5909,21.7717],[89.601,21.7752],[89.6047,21.7867],[89.6052,21.7935],[89.6031,21.8024],[89.5963,21.807],[89.5754,21.8235],[89.5575,21.8357],[89.5493,21.8473],[89.545,21.8495]]],[[[89.8608,21.835],[89.8637,21.8413],[89.8633,21.8525],[89.8598,21.8566],[89.853,21.8578],[89.8507,21.8547],[89.8524,21.8469],[89.8608,21.835]]],[[[89.3842,21.8729],[89.3816,21.8777],[89.3788,21.8695],[89.3647,21.847],[89.3642,21.8376],[89.3599,21.8262],[89.3518,21.8153],[89.349,21.8092],[89.3487,21.8039],[89.3549,21.7969],[89.3552,21.7884],[89.358,21.7773],[89.3582,21.7657],[89.3601,21.7577],[89.3655,21.7555],[89.3775,21.7626],[89.3781,21.7609],[89.3601,21.7518],[89.3637,21.7449],[89.3684,21.7414],[89.3717,21.7435],[89.3734,21.7357],[89.3772,21.7313],[89.3835,21.7271],[89.3872,21.7266],[89.3947,21.7218],[89.403,21.7227],[89.4085,21.7264],[89.4104,21.7245],[89.4183,21.7284],[89.4261,21.7355],[89.4265,21.7442],[89.4333,21.7463],[89.4426,21.7541],[89.4447,21.7577],[89.4472,21.7681],[89.4538,21.7651],[89.4673,21.7814],[89.4728,21.7895],[89.474,21.7934],[89.4721,21.8011],[89.4733,21.8078],[89.468,21.8164],[89.4637,21.8182],[89.4609,21.8251],[89.4574,21.83],[89.4556,21.8424],[89.4501,21.847],[89.4461,21.8475],[89.4347,21.8463],[89.4221,21.8462],[89.4144,21.8488],[89.4062,21.848],[89.4011,21.85],[89.3915,21.8601],[89.3918,21.8657],[89.3975,21.8684],[89.3972,21.8724],[89.3937,21.8743],[89.3867,21.8716],[89.3842,21.8729]]],[[[89.3358,21.7895],[89.3371,21.7918],[89.3363,21.8024],[89.3343,21.8055],[89.3376,21.818],[89.3461,21.8277],[89.3503,21.8343],[89.3537,21.8483],[89.3557,21.8603],[89.3594,21.8693],[89.3654,21.8763],[89.364,21.8836],[89.3568,21.8804],[89.3433,21.8701],[89.3257,21.8605],[89.3163,21.8583],[89.311,21.8527],[89.3092,21.843],[89.3123,21.8369],[89.3151,21.8263],[89.319,21.8218],[89.3225,21.8147],[89.3266,21.8028],[89.3303,21.798],[89.3328,21.7908],[89.3358,21.7895]]],[[[89.3218,21.8615],[89.3265,21.863],[89.3447,21.8729],[89.3571,21.8823],[89.3514,21.8816],[89.3335,21.8759],[89.3186,21.8629],[89.3218,21.8615]]],[[[89.6541,21.8574],[89.6595,21.8635],[89.6606,21.8697],[89.6526,21.8805],[89.6501,21.8897],[89.6464,21.897],[89.6443,21.8978],[89.637,21.8922],[89.6327,21.8865],[89.6309,21.8799],[89.6321,21.8724],[89.638,21.8649],[89.6478,21.8591],[89.6541,21.8574]]],[[[89.1043,21.7811],[89.091,21.79],[89.0836,21.7966],[89.077,21.8116],[89.076,21.8187],[89.0763,21.8284],[89.0813,21.8414],[89.0835,21.8574],[89.0772,21.863],[89.0683,21.873],[89.0614,21.8839],[89.0581,21.8934],[89.0572,21.8996],[89.059,21.9109],[89.0593,21.9189],[89.0533,21.9223],[89.0477,21.9226],[89.0373,21.9202],[89.0335,21.9149],[89.0331,21.9038],[89.0341,21.8945],[89.0417,21.8883],[89.0536,21.8764],[89.0589,21.8621],[89.0605,21.8545],[89.0607,21.8434],[89.0581,21.8295],[89.0509,21.8101],[89.0448,21.7914],[89.0445,21.7875],[89.0535,21.781],[89.0674,21.7736],[89.0776,21.7621],[89.092,21.7401],[89.1028,21.7334],[89.1014,21.7295],[89.1071,21.7226],[89.1181,21.7191],[89.1235,21.7192],[89.1345,21.7215],[89.1378,21.7233],[89.1463,21.7349],[89.1471,21.7404],[89.1436,21.7465],[89.1452,21.7501],[89.143,21.7553],[89.1347,21.757],[89.132,21.7605],[89.1304,21.7699],[89.1226,21.7747],[89.1043,21.7811]]],[[[89.4036,21.9217],[89.4082,21.9282],[89.4064,21.9302],[89.3941,21.9264],[89.3895,21.9222],[89.3816,21.9218],[89.385,21.9092],[89.3853,21.9006],[89.3844,21.8882],[89.382,21.879],[89.386,21.8787],[89.3881,21.8729],[89.3948,21.8754],[89.3971,21.8738],[89.3985,21.8688],[89.3976,21.867],[89.3919,21.8644],[89.3922,21.8605],[89.3977,21.855],[89.4051,21.8495],[89.4124,21.8502],[89.4209,21.8475],[89.4182,21.8583],[89.4202,21.8627],[89.4239,21.8652],[89.4456,21.869],[89.4501,21.8742],[89.4457,21.8773],[89.425,21.8867],[89.417,21.8946],[89.4114,21.9039],[89.4025,21.9141],[89.4036,21.9217]]],[[[89.6148,21.9467],[89.604,21.9473],[89.5884,21.9465],[89.5785,21.9377],[89.5734,21.9352],[89.5753,21.9319],[89.5714,21.9291],[89.5673,21.9205],[89.5545,21.8985],[89.5498,21.886],[89.5485,21.877],[89.5503,21.8712],[89.5542,21.8667],[89.5543,21.8563],[89.5578,21.8497],[89.5661,21.8415],[89.5851,21.8277],[89.5975,21.8175],[89.6081,21.8109],[89.6161,21.7994],[89.6185,21.7863],[89.6158,21.7758],[89.6095,21.7663],[89.6102,21.7643],[89.6211,21.7615],[89.6279,21.7608],[89.631,21.7583],[89.6374,21.7571],[89.6424,21.763],[89.647,21.7636],[89.6504,21.7553],[89.659,21.7532],[89.6699,21.7551],[89.6781,21.7586],[89.6827,21.7629],[89.6876,21.7638],[89.6989,21.7728],[89.6999,21.7757],[89.6968,21.7939],[89.6947,21.7973],[89.6808,21.804],[89.6607,21.8215],[89.659,21.8258],[89.6504,21.8346],[89.638,21.8499],[89.6257,21.8637],[89.6236,21.872],[89.6264,21.8844],[89.6343,21.896],[89.6457,21.9084],[89.6457,21.9115],[89.6297,21.9289],[89.6259,21.9342],[89.6223,21.9441],[89.6148,21.9467]]],[[[89.5455,21.8811],[89.553,21.9015],[89.5672,21.9256],[89.5689,21.9356],[89.5615,21.9393],[89.5563,21.9464],[89.5444,21.9605],[89.5416,21.9574],[89.5424,21.9508],[89.5471,21.9273],[89.5474,21.9087],[89.5452,21.9013],[89.5455,21.8811]]],[[[89.4154,21.9861],[89.4105,21.9868],[89.4039,21.9838],[89.401,21.9808],[89.4036,21.9702],[89.4002,21.9628],[89.3885,21.9591],[89.3808,21.964],[89.3756,21.9573],[89.3768,21.9515],[89.3969,21.9448],[89.4,21.9392],[89.3892,21.9321],[89.3939,21.9286],[89.4015,21.9321],[89.4084,21.9312],[89.4096,21.9291],[89.4034,21.9159],[89.4135,21.9052],[89.4184,21.8957],[89.4221,21.8915],[89.4313,21.8864],[89.4435,21.881],[89.4514,21.8746],[89.4499,21.8701],[89.4457,21.8674],[89.4353,21.8643],[89.4239,21.8632],[89.4213,21.8614],[89.4222,21.8508],[89.4284,21.8493],[89.449,21.851],[89.457,21.8528],[89.4597,21.8559],[89.4677,21.8575],[89.468,21.8627],[89.4652,21.8748],[89.4663,21.8851],[89.4699,21.89],[89.4716,21.8966],[89.4707,21.9028],[89.4609,21.9014],[89.4519,21.9028],[89.4461,21.9079],[89.4453,21.9155],[89.449,21.9231],[89.4567,21.9323],[89.4563,21.9347],[89.441,21.9399],[89.4327,21.9447],[89.4276,21.9507],[89.4239,21.9598],[89.4183,21.9653],[89.4169,21.9699],[89.4182,21.9756],[89.4245,21.9846],[89.4154,21.9861]]],[[[89.301,21.8381],[89.3017,21.8444],[89.3082,21.8602],[89.323,21.879],[89.3307,21.8856],[89.3386,21.8903],[89.3559,21.8964],[89.3598,21.9001],[89.3584,21.9144],[89.3548,21.9251],[89.3511,21.9331],[89.3482,21.9423],[89.3371,21.9609],[89.3231,21.9751],[89.3097,21.9916],[89.3064,21.998],[89.2998,21.9923],[89.2904,21.9892],[89.2908,21.9872],[89.2994,21.9844],[89.3018,21.9819],[89.3011,21.9769],[89.3029,21.9716],[89.2987,21.9659],[89.2934,21.9634],[89.2982,21.9559],[89.2904,21.9514],[89.2914,21.9443],[89.2904,21.9389],[89.2943,21.9331],[89.3005,21.9282],[89.3185,21.9208],[89.3211,21.917],[89.3197,21.9141],[89.2979,21.8874],[89.2912,21.8798],[89.2916,21.8776],[89.3047,21.8735],[89.3081,21.8696],[89.3058,21.8649],[89.3001,21.8593],[89.298,21.855],[89.2968,21.8455],[89.2941,21.8394],[89.2884,21.8371],[89.2835,21.8375],[89.2811,21.835],[89.2938,21.8215],[89.2972,21.8199],[89.3017,21.8261],[89.301,21.8381]]],[[[89.7145,21.9767],[89.7095,21.9819],[89.7051,21.9843],[89.7041,21.9881],[89.7071,21.9929],[89.7049,21.9978],[89.7047,22.0063],[89.6962,22.0053],[89.6865,21.9926],[89.6873,21.9773],[89.694,21.964],[89.6945,21.9484],[89.6917,21.9392],[89.6832,21.9224],[89.6817,21.9117],[89.6784,21.9049],[89.67,21.8957],[89.6585,21.8867],[89.6644,21.8797],[89.6686,21.872],[89.6699,21.8638],[89.6661,21.8487],[89.6708,21.8382],[89.673,21.8369],[89.6797,21.8404],[89.6817,21.8466],[89.6911,21.8434],[89.7063,21.8455],[89.703,21.8496],[89.6916,21.8514],[89.6908,21.8562],[89.6969,21.8569],[89.6949,21.862],[89.7006,21.8635],[89.6979,21.8564],[89.6933,21.8526],[89.7022,21.8513],[89.7079,21.8489],[89.7083,21.8441],[89.7016,21.8431],[89.7014,21.8375],[89.7082,21.8342],[89.7188,21.8327],[89.7277,21.8336],[89.7407,21.8383],[89.7418,21.84],[89.7422,21.8507],[89.7395,21.8582],[89.7409,21.8659],[89.7335,21.8747],[89.7285,21.8898],[89.7156,21.895],[89.7117,21.8998],[89.7111,21.9077],[89.7164,21.9169],[89.7253,21.9242],[89.7264,21.9308],[89.7186,21.9394],[89.7136,21.9478],[89.7109,21.9571],[89.7137,21.9657],[89.7214,21.9695],[89.7207,21.9775],[89.7145,21.9767]]],[[[89.1853,22.0219],[89.1786,22.0207],[89.1677,22.0217],[89.1652,22.0185],[89.1682,22.0123],[89.1717,22.0006],[89.1707,21.9943],[89.166,21.9865],[89.1566,21.9749],[89.1446,21.9639],[89.1416,21.9586],[89.1405,21.9478],[89.1428,21.9383],[89.1494,21.9284],[89.1587,21.9247],[89.1806,21.9263],[89.1836,21.9249],[89.1973,21.9247],[89.2044,21.9229],[89.2107,21.9184],[89.2134,21.9128],[89.2125,21.9041],[89.2034,21.8905],[89.2011,21.8838],[89.1998,21.8708],[89.1994,21.8494],[89.1967,21.837],[89.1939,21.83],[89.2096,21.8246],[89.2315,21.8237],[89.2364,21.8206],[89.2481,21.818],[89.2526,21.8207],[89.256,21.8354],[89.2631,21.8356],[89.2677,21.844],[89.273,21.8498],[89.2738,21.8557],[89.2684,21.8663],[89.2673,21.8708],[89.2689,21.8843],[89.2788,21.8947],[89.2851,21.9048],[89.2841,21.9058],[89.2624,21.9066],[89.2493,21.9116],[89.2456,21.9154],[89.2412,21.9283],[89.2359,21.9293],[89.2222,21.9294],[89.2131,21.9332],[89.2053,21.9417],[89.2019,21.949],[89.2046,21.9623],[89.2115,21.9682],[89.2279,21.9744],[89.2354,21.9781],[89.2416,21.9828],[89.242,21.9876],[89.237,21.99],[89.2163,21.9971],[89.2065,21.9985],[89.1949,22.0026],[89.1891,22.0096],[89.1853,22.0219]]],[[[89.5736,21.9417],[89.5825,21.9493],[89.5819,21.9541],[89.5785,21.9581],[89.5658,21.9675],[89.5613,21.9735],[89.563,21.9767],[89.5716,21.9808],[89.5869,21.9869],[89.6017,22.0006],[89.6063,22.0087],[89.6075,22.0159],[89.6058,22.0215],[89.6008,22.0251],[89.5942,22.0271],[89.5831,22.033],[89.5685,22.0375],[89.565,22.0235],[89.5508,21.985],[89.5503,21.9741],[89.5486,21.9611],[89.565,21.9433],[89.5736,21.9417]]],[[[89.8502,21.8732],[89.8583,21.8766],[89.8647,21.8814],[89.867,21.887],[89.8756,21.8979],[89.8763,21.9102],[89.8736,21.9276],[89.8713,21.9313],[89.8696,21.9421],[89.8613,21.9624],[89.8599,21.975],[89.8614,21.977],[89.8614,21.9895],[89.8605,22.0026],[89.8578,22.0232],[89.8535,22.0349],[89.8483,22.042],[89.8428,22.0474],[89.8356,22.0502],[89.8279,22.0496],[89.8265,22.0431],[89.828,22.0384],[89.8318,22.0334],[89.8402,22.0263],[89.8435,22.0155],[89.8412,22.003],[89.8373,21.9997],[89.8249,21.9955],[89.8134,21.9938],[89.8058,21.9907],[89.8066,21.9874],[89.8275,21.9758],[89.8365,21.9695],[89.8448,21.9596],[89.8432,21.9524],[89.83,21.9474],[89.8156,21.9374],[89.8113,21.932],[89.809,21.9237],[89.8123,21.9161],[89.8222,21.9109],[89.844,21.8979],[89.8482,21.8902],[89.8427,21.8795],[89.8475,21.8739],[89.8502,21.8732]]],[[[89.489,21.998],[89.4891,22.0035],[89.487,22.0094],[89.4766,22.0237],[89.4735,22.0292],[89.4712,22.0463],[89.4568,22.0492],[89.4501,22.0536],[89.4423,22.0624],[89.4361,22.0568],[89.4309,22.0478],[89.4305,22.043],[89.4331,22.0225],[89.4368,22.0012],[89.4391,21.9923],[89.4349,21.9834],[89.4258,21.9772],[89.4219,21.9715],[89.4253,21.9644],[89.4376,21.95],[89.4494,21.9467],[89.4556,21.944],[89.4608,21.9387],[89.4624,21.9296],[89.4605,21.9244],[89.4528,21.9154],[89.4525,21.9095],[89.4588,21.9082],[89.4642,21.91],[89.478,21.9106],[89.4852,21.9087],[89.4935,21.912],[89.4969,21.9103],[89.5034,21.9129],[89.506,21.922],[89.5088,21.9279],[89.5024,21.9293],[89.5089,21.9366],[89.5099,21.9467],[89.5084,21.957],[89.5031,21.9664],[89.4869,21.978],[89.4792,21.9866],[89.5018,21.969],[89.4952,21.9794],[89.4912,21.9894],[89.489,21.998]]],[[[89.3902,22.0557],[89.3836,22.0608],[89.3766,22.0635],[89.3738,22.0567],[89.3677,22.0465],[89.3613,22.0391],[89.3537,22.0322],[89.3541,22.0194],[89.3559,22.0047],[89.3605,21.9933],[89.363,21.9822],[89.3643,21.9706],[89.3626,21.9597],[89.3782,21.9336],[89.3815,21.9293],[89.3827,21.9244],[89.3855,21.9233],[89.3908,21.9261],[89.3878,21.9305],[89.389,21.9347],[89.398,21.9401],[89.3929,21.9441],[89.3755,21.9499],[89.3723,21.9534],[89.3765,21.9621],[89.3798,21.9653],[89.3839,21.9647],[89.39,21.9604],[89.4001,21.9645],[89.4023,21.9689],[89.4014,21.9762],[89.3981,21.9824],[89.4078,21.9883],[89.4217,21.988],[89.4283,21.986],[89.4326,21.9885],[89.4312,21.9992],[89.4281,22.0101],[89.4269,22.0271],[89.4152,22.0373],[89.413,22.0443],[89.4102,22.0479],[89.4018,22.0545],[89.3902,22.0557]]],[[[89.1237,22.0462],[89.1271,22.0569],[89.1315,22.0634],[89.1361,22.0664],[89.1341,22.0709],[89.1286,22.0728],[89.1209,22.0696],[89.1165,22.0635],[89.1111,22.0522],[89.1057,22.0505],[89.1025,22.0455],[89.0957,22.0493],[89.0931,22.0386],[89.0954,22.0298],[89.0957,22.0216],[89.0908,22.015],[89.0921,22.0029],[89.0956,21.9786],[89.0935,21.9613],[89.0937,21.9538],[89.0967,21.9407],[89.1029,21.9421],[89.1092,21.9461],[89.1155,21.9521],[89.1129,21.9559],[89.1064,21.9604],[89.1092,21.9695],[89.1063,21.9744],[89.108,21.9782],[89.1188,21.9795],[89.1144,21.9878],[89.1158,21.9912],[89.1203,21.9939],[89.1295,21.9971],[89.1284,22.0042],[89.1313,22.0087],[89.1272,22.0165],[89.1274,22.0262],[89.1169,22.0274],[89.1159,22.031],[89.1194,22.0403],[89.1237,22.0462]]],[[[89.1496,22.0281],[89.1472,22.0332],[89.1469,22.0397],[89.1489,22.0461],[89.1541,22.054],[89.157,22.0563],[89.1735,22.0623],[89.1693,22.0665],[89.1495,22.0767],[89.1401,22.0666],[89.1341,22.064],[89.1276,22.055],[89.1253,22.0464],[89.1219,22.0425],[89.1175,22.032],[89.1179,22.0281],[89.1269,22.0278],[89.1285,22.0261],[89.1286,22.0176],[89.1327,22.0098],[89.1331,22.0064],[89.1292,22.0026],[89.1315,21.9976],[89.1293,21.9955],[89.1204,21.9922],[89.1165,21.9888],[89.1209,21.979],[89.1078,21.9751],[89.112,21.9685],[89.1083,21.9598],[89.1171,21.9558],[89.1169,21.9511],[89.1104,21.9449],[89.0987,21.9382],[89.0946,21.9391],[89.0935,21.9458],[89.0912,21.9473],[89.082,21.9218],[89.0798,21.9037],[89.0839,21.8977],[89.0888,21.8933],[89.094,21.8865],[89.0985,21.8775],[89.1019,21.8642],[89.1049,21.8467],[89.1029,21.8274],[89.1034,21.8252],[89.1144,21.8176],[89.1172,21.8178],[89.1191,21.8229],[89.1185,21.8275],[89.1148,21.8325],[89.1136,21.838],[89.1172,21.8452],[89.1291,21.8479],[89.1303,21.8517],[89.128,21.8575],[89.1207,21.8698],[89.1223,21.8702],[89.1289,21.8599],[89.132,21.8488],[89.1242,21.8453],[89.1181,21.8439],[89.1161,21.8382],[89.1176,21.8315],[89.1203,21.8274],[89.1195,21.8185],[89.1154,21.816],[89.1094,21.8181],[89.1038,21.822],[89.101,21.8197],[89.0991,21.8137],[89.1276,21.8027],[89.1395,21.7967],[89.1495,21.795],[89.1544,21.7953],[89.1571,21.801],[89.1676,21.8031],[89.1685,21.8122],[89.1717,21.8222],[89.1811,21.8339],[89.1849,21.8373],[89.1831,21.8553],[89.184,21.8697],[89.1877,21.8819],[89.1985,21.9045],[89.2011,21.912],[89.1952,21.9146],[89.1851,21.9157],[89.1687,21.9137],[89.1541,21.9137],[89.1454,21.9162],[89.1394,21.9224],[89.135,21.9406],[89.1313,21.9492],[89.131,21.9535],[89.1329,21.9629],[89.1391,21.9737],[89.1524,21.9853],[89.1625,21.9932],[89.1625,22.0023],[89.1566,22.0174],[89.1496,22.0281]]],[[[89.4958,22.0301],[89.51,22.0476],[89.516,22.0576],[89.5184,22.0639],[89.5201,22.0727],[89.5154,22.0799],[89.5139,22.0742],[89.5106,22.0703],[89.4966,22.0596],[89.4796,22.0516],[89.4796,22.0425],[89.4924,22.0304],[89.4958,22.0301]]],[[[89.8174,22.0558],[89.8095,22.0606],[89.7963,22.0721],[89.7893,22.081],[89.7766,22.0887],[89.7739,22.0811],[89.7691,22.0762],[89.7627,22.0738],[89.7568,22.0672],[89.7529,22.0654],[89.7523,22.0567],[89.7503,22.0542],[89.742,22.0511],[89.7453,22.0365],[89.7534,22.0369],[89.7586,22.0354],[89.7605,22.0306],[89.7583,22.0253],[89.7555,22.0233],[89.7468,22.0202],[89.743,22.0159],[89.7479,22.0105],[89.7533,22.0011],[89.7511,21.9956],[89.746,21.9929],[89.7395,21.9916],[89.7387,21.9886],[89.746,21.9841],[89.7494,21.9778],[89.7456,21.9699],[89.7396,21.9668],[89.7274,21.9655],[89.7163,21.9625],[89.7153,21.959],[89.7209,21.9446],[89.7309,21.934],[89.7331,21.9278],[89.7314,21.919],[89.7289,21.9159],[89.7163,21.9054],[89.73,21.8974],[89.737,21.8862],[89.7388,21.8779],[89.743,21.8745],[89.748,21.8646],[89.7482,21.857],[89.7539,21.8527],[89.7639,21.8542],[89.7728,21.8529],[89.7802,21.8634],[89.7798,21.8721],[89.7879,21.8754],[89.7843,21.8658],[89.7788,21.8565],[89.7756,21.8485],[89.7705,21.8389],[89.7723,21.8348],[89.7795,21.8335],[89.7864,21.8366],[89.7879,21.842],[89.7975,21.8429],[89.8128,21.8468],[89.8304,21.8481],[89.8359,21.8503],[89.8384,21.8561],[89.8372,21.8601],[89.8367,21.8783],[89.8448,21.8922],[89.8236,21.9053],[89.8085,21.9162],[89.8064,21.9233],[89.8084,21.9334],[89.8165,21.9422],[89.834,21.9524],[89.8425,21.9552],[89.8426,21.9573],[89.8363,21.9651],[89.8249,21.9745],[89.8159,21.9784],[89.8038,21.9875],[89.8038,21.9914],[89.8102,21.9952],[89.8231,21.9975],[89.8361,22.0014],[89.8406,22.0075],[89.8399,22.0211],[89.835,22.0286],[89.8269,22.0354],[89.8246,22.0416],[89.8236,22.0507],[89.8174,22.0558]]],[[[89.473,22.0488],[89.4829,22.0573],[89.5038,22.0708],[89.5134,22.078],[89.5129,22.0806],[89.5046,22.0867],[89.4892,22.0906],[89.4872,22.0876],[89.4727,22.0774],[89.4591,22.0725],[89.4512,22.0712],[89.4442,22.0641],[89.446,22.0609],[89.4539,22.0527],[89.4595,22.0498],[89.473,22.0488]]],[[[89.2614,22.0808],[89.257,22.0826],[89.2517,22.0919],[89.248,22.095],[89.2386,22.0987],[89.2308,22.1001],[89.2255,22.096],[89.2266,22.0915],[89.2317,22.0887],[89.2461,22.0766],[89.2517,22.0697],[89.2536,22.0604],[89.2507,22.0498],[89.2427,22.0374],[89.2371,22.0313],[89.2339,22.0247],[89.2209,22.0112],[89.221,22.0063],[89.2399,21.9985],[89.2487,21.9913],[89.2507,21.987],[89.2498,21.9779],[89.2422,21.9701],[89.2363,21.9665],[89.2175,21.9594],[89.2108,21.9538],[89.2101,21.9516],[89.2197,21.9449],[89.2386,21.9412],[89.2536,21.929],[89.2582,21.9197],[89.2615,21.9163],[89.2676,21.9182],[89.279,21.92],[89.2894,21.9158],[89.2932,21.9124],[89.2962,21.9059],[89.2953,21.8981],[89.2926,21.8921],[89.2859,21.8826],[89.2781,21.8759],[89.2817,21.8669],[89.2846,21.8541],[89.2848,21.8424],[89.2922,21.8414],[89.2942,21.8437],[89.2961,21.8572],[89.2989,21.8616],[89.3063,21.8691],[89.2979,21.8727],[89.2899,21.8775],[89.2908,21.8826],[89.2947,21.888],[89.3053,21.8998],[89.3102,21.9067],[89.3193,21.917],[89.3186,21.9194],[89.3062,21.9237],[89.2956,21.9301],[89.2911,21.9347],[89.2887,21.9395],[89.2887,21.9494],[89.2912,21.9526],[89.2961,21.9547],[89.2922,21.9614],[89.293,21.9645],[89.297,21.9659],[89.3022,21.9725],[89.2996,21.9767],[89.2999,21.9823],[89.2872,21.9871],[89.2901,21.9906],[89.2968,21.9922],[89.3056,22.0006],[89.3006,22.0138],[89.2944,22.0263],[89.292,22.0334],[89.2826,22.0447],[89.2777,22.0544],[89.2773,22.06],[89.2815,22.072],[89.2929,22.0818],[89.2928,22.0871],[89.286,22.0877],[89.2719,22.0825],[89.2614,22.0808]]],[[[89.6366,22.0975],[89.632,22.0986],[89.6276,22.0955],[89.6215,22.0947],[89.6118,22.0916],[89.5997,22.0855],[89.5958,22.0895],[89.5865,22.0756],[89.5735,22.0533],[89.5723,22.0468],[89.5687,22.0392],[89.5721,22.0373],[89.585,22.0334],[89.5956,22.0283],[89.5996,22.0279],[89.6053,22.0238],[89.6084,22.0185],[89.609,22.0133],[89.6059,22.0039],[89.596,21.992],[89.5881,21.9856],[89.5634,21.975],[89.5632,21.9734],[89.5821,21.9577],[89.5867,21.9503],[89.6039,21.9524],[89.6128,21.9519],[89.6259,21.9484],[89.6424,21.9611],[89.6452,21.9684],[89.645,21.9818],[89.6435,21.983],[89.6338,21.979],[89.6269,21.9783],[89.6236,21.9805],[89.6209,21.9885],[89.6199,21.9963],[89.6238,22.0043],[89.6317,22.0019],[89.6387,21.9923],[89.6548,22.0041],[89.6599,22.0199],[89.6519,22.0328],[89.6521,22.0372],[89.6551,22.0495],[89.659,22.0538],[89.6664,22.0551],[89.6599,22.0698],[89.658,22.0725],[89.6484,22.069],[89.6461,22.0744],[89.6501,22.0828],[89.649,22.0989],[89.6366,22.0975]]],[[[89.3073,22.1071],[89.2855,22.1102],[89.2771,22.1127],[89.2738,22.1034],[89.2704,22.0976],[89.2628,22.0906],[89.2683,22.0907],[89.2884,22.0992],[89.2945,22.0998],[89.3003,22.098],[89.3074,22.0912],[89.3086,22.0872],[89.307,22.077],[89.3282,22.0603],[89.3395,22.0571],[89.3432,22.0595],[89.339,22.0671],[89.3318,22.0741],[89.3242,22.0838],[89.3219,22.0884],[89.3182,22.1053],[89.3073,22.1071]]],[[[89.747,22.134],[89.7428,22.1348],[89.7309,22.1324],[89.7249,22.1329],[89.7163,22.1305],[89.7129,22.1284],[89.7112,22.1174],[89.7141,22.112],[89.7133,22.1042],[89.7089,22.0931],[89.7107,22.0739],[89.7067,22.0672],[89.7027,22.0636],[89.6898,22.0612],[89.6806,22.056],[89.6779,22.0504],[89.6817,22.0475],[89.6996,22.0405],[89.7045,22.0342],[89.7057,22.0289],[89.7047,22.0238],[89.6991,22.0132],[89.7068,22.0072],[89.7071,22.0006],[89.7093,21.9924],[89.7082,21.9864],[89.7157,21.979],[89.7213,21.981],[89.7247,21.9787],[89.7259,21.9701],[89.7319,21.9691],[89.7453,21.9747],[89.7461,21.9772],[89.7375,21.9836],[89.7334,21.9888],[89.7377,21.9955],[89.7473,21.9972],[89.7494,22.0032],[89.743,22.0119],[89.7416,22.016],[89.7436,22.0203],[89.7502,22.0229],[89.7551,22.0235],[89.758,22.0323],[89.7561,22.0342],[89.7488,22.033],[89.743,22.0354],[89.739,22.0499],[89.7396,22.0532],[89.7437,22.0559],[89.7498,22.0564],[89.7498,22.0643],[89.7573,22.0702],[89.7592,22.074],[89.77,22.0794],[89.7738,22.0888],[89.7684,22.0998],[89.7669,22.1105],[89.7637,22.1182],[89.7551,22.1328],[89.747,22.134]]],[[[89.5066,22.0923],[89.5016,22.1025],[89.4996,22.1116],[89.4988,22.1207],[89.4962,22.13],[89.4839,22.1434],[89.4815,22.1442],[89.4736,22.1413],[89.4712,22.1389],[89.4707,22.1275],[89.4718,22.1219],[89.4781,22.109],[89.4867,22.0953],[89.4935,22.092],[89.499,22.0915],[89.5085,22.0881],[89.5066,22.0923]]],[[[89.4431,22.1599],[89.435,22.1632],[89.4255,22.1596],[89.4172,22.1589],[89.4082,22.1494],[89.4116,22.1372],[89.4077,22.1268],[89.4026,22.1239],[89.3952,22.1225],[89.3854,22.1186],[89.383,22.1152],[89.3837,22.1017],[89.3909,22.0925],[89.3919,22.0886],[89.3912,22.0808],[89.3893,22.0769],[89.3772,22.0661],[89.3904,22.057],[89.4034,22.055],[89.4106,22.0496],[89.4173,22.0368],[89.4259,22.0298],[89.4277,22.0329],[89.4261,22.0432],[89.4273,22.0521],[89.4306,22.0576],[89.4384,22.0657],[89.4483,22.0736],[89.4486,22.075],[89.4381,22.0859],[89.4373,22.0906],[89.4504,22.0758],[89.4647,22.0787],[89.4727,22.0822],[89.4851,22.089],[89.4846,22.0919],[89.479,22.0958],[89.4606,22.1172],[89.4581,22.1256],[89.4628,22.1431],[89.4548,22.1482],[89.4431,22.1599]]],[[[89.6186,22.1667],[89.6145,22.1668],[89.6124,22.1631],[89.6115,22.1564],[89.6142,22.1487],[89.6087,22.1415],[89.6104,22.1337],[89.6072,22.1276],[89.6037,22.1253],[89.6034,22.1139],[89.601,22.1042],[89.5983,22.0888],[89.5995,22.0879],[89.6098,22.0926],[89.622,22.0966],[89.6277,22.0966],[89.6274,22.1015],[89.6345,22.0992],[89.6457,22.1008],[89.6507,22.0989],[89.6521,22.0839],[89.6503,22.0776],[89.6474,22.0734],[89.6492,22.0708],[89.6585,22.0741],[89.6604,22.073],[89.668,22.0558],[89.6643,22.0517],[89.6576,22.0515],[89.6539,22.0361],[89.6559,22.0288],[89.6612,22.0215],[89.6612,22.0154],[89.6578,22.0101],[89.6544,22.0011],[89.642,21.991],[89.6345,21.992],[89.6264,22.0011],[89.6237,21.9998],[89.624,21.9889],[89.6257,21.9821],[89.6282,21.9808],[89.639,21.9856],[89.6455,21.9857],[89.6486,21.9793],[89.6485,21.969],[89.6465,21.9618],[89.6412,21.9546],[89.6285,21.9449],[89.6393,21.9324],[89.6494,21.9159],[89.6521,21.9082],[89.6568,21.9029],[89.665,21.9049],[89.6698,21.9086],[89.6769,21.9227],[89.6783,21.9297],[89.6852,21.95],[89.6854,21.9622],[89.6844,21.9671],[89.6783,21.976],[89.6761,21.9833],[89.6769,21.9907],[89.6848,22.0047],[89.6905,22.0167],[89.6985,22.0302],[89.698,22.0338],[89.6828,22.0386],[89.676,22.0429],[89.6731,22.0468],[89.6718,22.0532],[89.6746,22.0605],[89.6807,22.065],[89.6802,22.0679],[89.6723,22.0747],[89.668,22.0839],[89.6694,22.0909],[89.6792,22.0929],[89.6793,22.0977],[89.6704,22.096],[89.6666,22.0965],[89.6641,22.1012],[89.6691,22.1074],[89.6699,22.1141],[89.6768,22.1204],[89.6777,22.1272],[89.6802,22.1321],[89.6754,22.1413],[89.6704,22.1424],[89.6666,22.1382],[89.6613,22.1365],[89.6554,22.1411],[89.6594,22.1466],[89.6576,22.1486],[89.651,22.1474],[89.6473,22.1497],[89.6459,22.1554],[89.6371,22.1633],[89.6267,22.1666],[89.6186,22.1667]]],[[[89.3334,22.1244],[89.327,22.128],[89.3254,22.133],[89.3268,22.14],[89.3356,22.1484],[89.3372,22.1533],[89.3351,22.1591],[89.3337,22.1736],[89.3318,22.1818],[89.3232,22.1845],[89.3189,22.1754],[89.3117,22.1667],[89.3049,22.161],[89.2912,22.1529],[89.2876,22.1457],[89.2843,22.1314],[89.2782,22.1193],[89.2806,22.1147],[89.2971,22.1128],[89.3183,22.1085],[89.3227,22.1025],[89.325,22.0899],[89.3316,22.0796],[89.3392,22.0721],[89.3445,22.0644],[89.3448,22.0577],[89.3406,22.0549],[89.3356,22.0544],[89.3293,22.0558],[89.314,22.0644],[89.3049,22.0719],[89.3005,22.0704],[89.2923,22.0646],[89.2897,22.0603],[89.3019,22.0415],[89.3056,22.0335],[89.313,22.0205],[89.3219,22.0009],[89.3227,21.9968],[89.3297,21.9872],[89.3411,21.9761],[89.3455,21.9728],[89.3485,21.9754],[89.3496,21.9831],[89.3458,22.0018],[89.3461,22.0082],[89.342,22.019],[89.3423,22.0301],[89.3449,22.0369],[89.3525,22.0449],[89.3635,22.0531],[89.3655,22.0631],[89.3726,22.0742],[89.3808,22.0822],[89.3842,22.0879],[89.384,22.0915],[89.3698,22.0955],[89.3641,22.0999],[89.3601,22.108],[89.3486,22.1131],[89.346,22.1194],[89.3493,22.1322],[89.3453,22.131],[89.3369,22.1246],[89.3334,22.1244]]],[[[89.4575,22.2239],[89.4614,22.2434],[89.4571,22.2463],[89.4502,22.2435],[89.4362,22.2357],[89.4193,22.2321],[89.4202,22.2279],[89.4187,22.2249],[89.4141,22.2238],[89.4119,22.2201],[89.4069,22.2193],[89.4016,22.2219],[89.3949,22.22],[89.404,22.2136],[89.4043,22.2068],[89.395,22.2023],[89.4125,22.1975],[89.4163,22.1937],[89.4179,22.1833],[89.4292,22.1745],[89.4331,22.1664],[89.4411,22.166],[89.4463,22.1627],[89.4537,22.1529],[89.4622,22.1482],[89.4659,22.1579],[89.4712,22.1615],[89.4724,22.1645],[89.47,22.172],[89.4614,22.1925],[89.4591,22.1967],[89.4566,22.2156],[89.4575,22.2239]]],[[[89.6198,22.2776],[89.6139,22.2816],[89.6234,22.2924],[89.6126,22.2975],[89.594,22.2767],[89.5946,22.272],[89.5987,22.2597],[89.5994,22.2525],[89.5955,22.233],[89.5931,22.2277],[89.5878,22.2215],[89.5812,22.2176],[89.5714,22.2151],[89.5619,22.2139],[89.5541,22.2095],[89.5561,22.1963],[89.5601,22.1889],[89.5693,22.1797],[89.5782,22.167],[89.5917,22.1501],[89.5973,22.1418],[89.6035,22.1284],[89.6082,22.1301],[89.6088,22.1346],[89.6073,22.1425],[89.6129,22.1501],[89.6102,22.1593],[89.6134,22.1676],[89.6052,22.178],[89.6056,22.1806],[89.613,22.1884],[89.6181,22.1985],[89.617,22.2009],[89.6069,22.2059],[89.6019,22.213],[89.6004,22.221],[89.6013,22.2302],[89.6041,22.2315],[89.6156,22.2184],[89.6207,22.2166],[89.6158,22.2289],[89.6131,22.2414],[89.6044,22.2455],[89.6042,22.2486],[89.619,22.2565],[89.6196,22.2581],[89.6095,22.2663],[89.6115,22.2714],[89.6171,22.2695],[89.6238,22.2758],[89.6198,22.2776]]],[[[89.4574,22.2515],[89.4616,22.2524],[89.4643,22.256],[89.4768,22.2673],[89.4789,22.2725],[89.4658,22.2906],[89.4488,22.3231],[89.4412,22.3315],[89.4241,22.3466],[89.4218,22.3454],[89.4263,22.3303],[89.4247,22.3242],[89.4097,22.3043],[89.4152,22.2998],[89.4252,22.294],[89.4301,22.2896],[89.4337,22.2818],[89.4328,22.2739],[89.4216,22.2605],[89.4191,22.2559],[89.4148,22.2409],[89.4198,22.2365],[89.4326,22.2414],[89.4444,22.2492],[89.4574,22.2515]]]]},"properties":{"division":"Khulna"}},
{"type":"Feature","geometry":{"type":"Polygon","coordinates":[[[89.8256,25.4152],[89.8177,25.4149],[89.7993,25.4198],[89.7902,25.4243],[89.7867,25.4283],[89.775,25.4304],[89.7669,25.4327],[89.7676,25.4279],[89.7734,25.4265],[89.7743,25.4216],[89.7716,25.4153],[89.7784,25.4164],[89.7839,25.4134],[89.7842,25.4069],[89.7803,25.388],[89.7775,25.3845],[89.7718,25.3819],[89.759,25.3796],[89.7487,25.3791],[89.7445,25.3733],[89.7307,25.3617],[89.7231,25.3578],[89.7316,25.344],[89.7327,25.3379],[89.7414,25.3164],[89.7449,25.2987],[89.7526,25.2883],[89.7563,25.2809],[89.7532,25.2726],[89.7494,25.2711],[89.7491,25.2569],[89.7507,25.2507],[89.7497,25.24],[89.7479,25.2351],[89.741,25.2337],[89.7255,25.2342],[89.7126,25.2358],[89.7012,25.2322],[89.6959,25.2182],[89.686,25.2043],[89.6806,25.1911],[89.6756,25.182],[89.675,25.1757],[89.672,25.1697],[89.663,25.1583],[89.6594,25.1519],[89.6517,25.1435],[89.6529,25.1413],[89.6498,25.1316],[89.6481,25.1208],[89.6499,25.1199],[89.6498,25.1061],[89.6449,25.1061],[89.6444,25.0995],[89.6404,25.089],[89.6434,25.0832],[89.6494,25.0786],[89.6531,25.078],[89.6532,25.0684],[89.6553,25.0644],[89.6559,25.05],[89.6478,25.0467],[89.648,25.0428],[89.6543,25.024],[89.6573,25.0188],[89.6609,25.0078],[89.6619,24.9949],[89.6608,24.9894],[89.6621,24.986],[89.6705,24.9781],[89.6765,24.9658],[89.6779,24.9432],[89.6735,24.9359],[89.6722,24.9299],[89.6746,24.9205],[89.6789,24.916],[89.6832,24.916],[89.6861,24.9028],[89.6784,24.9031],[89.678,24.9003],[89.6717,24.8929],[89.6608,24.8881],[89.6671,24.8781],[89.6685,24.865],[89.6791,24.8467],[89.6805,24.8371],[89.6868,24.8264],[89.6995,24.8146],[89.71,24.807],[89.7243,24.8001],[89.7303,24.7984],[89.7228,24.7859],[89.7153,24.7773],[89.7331,24.7699],[89.7351,24.7657],[89.7405,24.7684],[89.7394,24.7719],[89.7426,24.7748],[89.758,24.7672],[89.771,24.7729],[89.7775,24.768],[89.7812,24.7634],[89.7832,24.7519],[89.7809,24.746],[89.7775,24.7428],[89.787,24.7407],[89.7908,24.7348],[89.7874,24.7275],[89.7724,24.724],[89.7736,24.7166],[89.7769,24.716],[89.7789,24.7102],[89.7824,24.7088],[89.7831,24.7045],[89.7892,24.7053],[89.7925,24.7033],[89.788,24.6968],[89.7901,24.6864],[89.797,24.6854],[89.7986,24.6786],[89.7922,24.6729],[89.7834,24.6695],[89.7855,24.6625],[89.7833,24.6406],[89.7845,24.6256],[89.7767,24.6238],[89.7659,24.6235],[89.765,24.6138],[89.7701,24.6061],[89.771,24.6014],[89.7807,24.5912],[89.7842,24.5783],[89.789,24.5753],[89.7891,24.5723],[89.791,24.5682],[89.804,24.5669],[89.8087,24.5677],[89.8098,24.5728],[89.8163,24.5774],[89.81,24.5825],[89.8117,24.5851],[89.8169,24.5813],[89.8213,24.5875],[89.8285,24.5888],[89.8237,24.5924],[89.8239,24.5963],[89.8294,24.6013],[89.8271,24.6086],[89.8415,24.6141],[89.8425,24.6239],[89.8509,24.6187],[89.8525,24.6221],[89.8464,24.6258],[89.8426,24.6322],[89.847,24.6339],[89.8477,24.638],[89.8421,24.6431],[89.8438,24.6455],[89.8501,24.6465],[89.8565,24.6455],[89.8641,24.6465],[89.8688,24.649],[89.8695,24.6524],[89.8662,24.657],[89.8672,24.6647],[89.8793,24.679],[89.8817,24.6756],[89.8871,24.674],[89.8939,24.675],[89.8994,24.6815],[89.8985,24.6867],[89.8951,24.6947],[89.8919,24.6987],[89.8823,24.7053],[89.88,24.7083],[89.8793,24.714],[89.8806,24.7228],[89.8782,24.7276],[89.8788,24.7342],[89.8814,24.7419],[89.8887,24.7419],[89.8895,24.7391],[89.8952,24.7362],[89.9074,24.7345],[89.9116,24.7361],[89.9133,24.7422],[89.9174,24.7462],[89.9223,24.7456],[89.9272,24.7502],[89.9213,24.7541],[89.9358,24.7553],[89.9413,24.7515],[89.9408,24.7446],[89.9485,24.7444],[89.9541,24.7456],[89.9581,24.7441],[89.9606,24.738],[89.9604,24.7322],[89.9654,24.7271],[89.9739,24.7238],[89.9818,24.725],[89.9926,24.7283],[89.9922,24.7369],[89.9949,24.7378],[90.002,24.7445],[90.008,24.7456],[90.0108,24.7513],[90.0151,24.7542],[90.0204,24.7547],[90.0232,24.7647],[90.0223,24.7701],[90.0322,24.777],[90.0425,24.7766],[90.0479,24.7739],[90.0553,24.7791],[90.0694,24.7811],[90.0758,24.7879],[90.0838,24.779],[90.092,24.7676],[90.0924,24.7574],[90.0966,24.7535],[90.0886,24.7522],[90.0888,24.7441],[90.0905,24.7371],[90.1178,24.7374],[90.1277,24.7383],[90.1324,24.7349],[90.1312,24.7271],[90.1267,24.7187],[90.1301,24.707],[90.1341,24.7],[90.1319,24.6918],[90.1397,24.6813],[90.1423,24.6688],[90.1422,24.6552],[90.1475,24.6509],[90.1462,24.6436],[90.1481,24.6349],[90.1442,24.6236],[90.1404,24.6241],[90.1357,24.6167],[90.1304,24.6176],[90.1297,24.6043],[90.1247,24.5963],[90.1331,24.5888],[90.1349,24.5834],[90.1397,24.5757],[90.1501,24.5755],[90.1512,24.5727],[90.1461,24.5672],[90.1524,24.55],[90.1552,24.5496],[90.1613,24.5367],[90.1681,24.5351],[90.1755,24.5181],[90.1787,24.5222],[90.1875,24.5221],[90.1896,24.5163],[90.1927,24.5137],[90.1966,24.5148],[90.2002,24.5117],[90.2079,24.5098],[90.2096,24.5068],[90.2036,24.5011],[90.2071,24.4973],[90.2142,24.4995],[90.2231,24.4911],[90.2266,24.4837],[90.2337,24.4833],[90.2348,24.4867],[90.2405,24.4845],[90.2435,24.4814],[90.2381,24.4766],[90.2331,24.4755],[90.2297,24.471],[90.2254,24.4686],[90.2224,24.4615],[90.2115,24.4616],[90.2096,24.4583],[90.2116,24.4499],[90.2187,24.4486],[90.2207,24.4343],[90.2236,24.433],[90.2256,24.4268],[90.2309,24.419],[90.2405,24.4132],[90.249,24.4153],[90.2296,24.3494],[90.2295,24.3455],[90.2345,24.3371],[90.2404,24.3331],[90.2479,24.3333],[90.2468,24.3288],[90.249,24.323],[90.2527,24.3185],[90.2585,24.3049],[90.257,24.2969],[90.2654,24.2886],[90.2733,24.2866],[90.2811,24.2872],[90.2895,24.2779],[90.2961,24.2801],[90.3113,24.2919],[90.3187,24.294],[90.3244,24.299],[90.3319,24.2979],[90.3382,24.2941],[90.3487,24.2945],[90.3516,24.2993],[90.3593,24.3001],[90.3588,24.291],[90.3646,24.2811],[90.3737,24.2835],[90.3823,24.2885],[90.3884,24.2869],[90.3928,24.2816],[90.4039,24.2843],[90.4075,24.29],[90.4097,24.297],[90.4213,24.3083],[90.423,24.3054],[90.4281,24.3102],[90.4263,24.3183],[90.4264,24.3305],[90.4292,24.3303],[90.4366,24.3385],[90.4434,24.3411],[90.4467,24.339],[90.4556,24.3399],[90.4635,24.3327],[90.4712,24.3292],[90.4786,24.3212],[90.4852,24.3195],[90.489,24.3136],[90.4963,24.3151],[90.512,24.3118],[90.5225,24.3044],[90.529,24.3033],[90.5272,24.2974],[90.5211,24.2902],[90.524,24.2856],[90.5348,24.2821],[90.5471,24.2726],[90.546,24.2677],[90.5481,24.264],[90.5542,24.259],[90.5633,24.2561],[90.5723,24.2467],[90.5771,24.2457],[90.5844,24.2494],[90.5884,24.2545],[90.596,24.2577],[90.603,24.2628],[90.6113,24.2661],[90.6172,24.2662],[90.6224,24.2686],[90.6309,24.2671],[90.6385,24.2616],[90.6501,24.2592],[90.651,24.2692],[90.6431,24.2796],[90.6425,24.289],[90.6435,24.2948],[90.6411,24.3058],[90.638,24.3128],[90.631,24.3229],[90.6231,24.338],[90.6179,24.3389],[90.6186,24.3422],[90.6229,24.3453],[90.6269,24.3545],[90.6319,24.3585],[90.6353,24.3748],[90.6384,24.3758],[90.6421,24.3856],[90.6402,24.3917],[90.643,24.3976],[90.6433,24.4023],[90.6463,24.4053],[90.645,24.4092],[90.6458,24.4167],[90.6377,24.4251],[90.6394,24.4297],[90.6303,24.4364],[90.6185,24.4375],[90.615,24.4403],[90.606,24.442],[90.5986,24.4462],[90.5941,24.4459],[90.5874,24.4481],[90.5844,24.4557],[90.5789,24.4586],[90.5791,24.4622],[90.5755,24.4681],[90.5773,24.4722],[90.5746,24.4818],[90.5753,24.4839],[90.5821,24.4864],[90.5831,24.4932],[90.5882,24.4969],[90.5937,24.4982],[90.5967,24.4964],[90.6028,24.4989],[90.6167,24.4941],[90.6167,24.4914],[90.6228,24.4885],[90.632,24.4787],[90.6363,24.4759],[90.6434,24.4757],[90.6476,24.4778],[90.6507,24.4744],[90.6584,24.4734],[90.6632,24.467],[90.6801,24.4679],[90.6812,24.4755],[90.6778,24.4802],[90.6818,24.4817],[90.6854,24.4885],[90.6817,24.4933],[90.6825,24.5028],[90.6864,24.5034],[90.6885,24.5094],[90.6974,24.5115],[90.6975,24.514],[90.7045,24.517],[90.7057,24.5089],[90.7045,24.5009],[90.7088,24.5003],[90.7116,24.4939],[90.7165,24.489],[90.717,24.4792],[90.7225,24.4741],[90.7296,24.4767],[90.7308,24.4818],[90.7361,24.4861],[90.7422,24.4988],[90.7423,24.5086],[90.7445,24.5096],[90.7542,24.5032],[90.7586,24.511],[90.7773,24.5087],[90.7793,24.5104],[90.7937,24.5078],[90.7946,24.5127],[90.7924,24.518],[90.7977,24.5194],[90.7993,24.5277],[90.8052,24.5312],[90.8017,24.5379],[90.8042,24.5464],[90.81,24.5453],[90.8094,24.5496],[90.8152,24.5606],[90.8099,24.5657],[90.8133,24.5712],[90.8193,24.5739],[90.822,24.5806],[90.8204,24.5876],[90.8237,24.5879],[90.8272,24.5835],[90.8371,24.5816],[90.844,24.5843],[90.8505,24.5967],[90.8566,24.5993],[90.8632,24.5991],[90.863,24.5947],[90.8744,24.5939],[90.88,24.5925],[90.8816,24.5986],[90.8902,24.6004],[90.8994,24.5977],[90.904,24.5998],[90.9063,24.5949],[90.9148,24.6],[90.9168,24.6059],[90.9163,24.6137],[90.9228,24.6132],[90.9284,24.6155],[90.9333,24.6112],[90.9322,24.607],[90.9397,24.6018],[90.9438,24.605],[90.95,24.6019],[90.9535,24.6024],[90.9558,24.6069],[90.9637,24.6113],[90.9665,24.605],[90.9773,24.5996],[90.9836,24.6047],[90.9935,24.6016],[90.996,24.6031],[91.0048,24.6022],[91.0111,24.6057],[91.0178,24.6031],[91.021,24.6053],[91.0226,24.6121],[91.021,24.6174],[91.0273,24.6288],[91.031,24.6299],[91.0413,24.6244],[91.0361,24.6193],[91.0367,24.612],[91.0411,24.6105],[91.0483,24.611],[91.0532,24.6144],[91.0599,24.6138],[91.0629,24.6171],[91.0736,24.6188],[91.0839,24.6086],[91.0918,24.6053],[91.0935,24.6016],[91.0997,24.5999],[91.1058,24.6013],[91.1039,24.6065],[91.1192,24.6084],[91.1258,24.6107],[91.1289,24.61],[91.1307,24.6165],[91.1347,24.6221],[91.1296,24.6254],[91.1273,24.6292],[91.1298,24.6329],[91.1271,24.6358],[91.1303,24.6422],[91.1413,24.6351],[91.1448,24.6385],[91.1543,24.639],[91.1624,24.6322],[91.1683,24.6347],[91.1721,24.6407],[91.1802,24.6396],[91.1855,24.6356],[91.1926,24.6375],[91.1952,24.6311],[91.1986,24.6342],[91.2053,24.6333],[91.2084,24.651],[91.2103,24.6527],[91.2204,24.6532],[91.2262,24.6512],[91.23,24.6547],[91.2327,24.6664],[91.2225,24.6694],[91.2242,24.6755],[91.2334,24.6723],[91.2388,24.6752],[91.2418,24.6795],[91.2403,24.6828],[91.2409,24.6921],[91.2309,24.6929],[91.2222,24.6995],[91.2267,24.7072],[91.2268,24.7164],[91.2293,24.7237],[91.2221,24.7282],[91.2194,24.7238],[91.2204,24.7203],[91.2124,24.7131],[91.2066,24.7139],[91.2051,24.7097],[91.2001,24.714],[91.1977,24.711],[91.1868,24.7187],[91.1815,24.7236],[91.1721,24.7256],[91.1656,24.7224],[91.1637,24.7173],[91.1601,24.7171],[91.1597,24.7237],[91.1478,24.7247],[91.1513,24.7295],[91.1515,24.7352],[91.1465,24.741],[91.1476,24.7471],[91.1508,24.7469],[91.1541,24.7415],[91.1576,24.7416],[91.1595,24.7472],[91.1572,24.7505],[91.1532,24.7471],[91.1497,24.7488],[91.1499,24.754],[91.1377,24.7544],[91.1352,24.7572],[91.1461,24.7623],[91.1514,24.7663],[91.1583,24.7647],[91.1591,24.7707],[91.1647,24.7734],[91.1669,24.7784],[91.1712,24.7799],[91.1703,24.7892],[91.168,24.7919],[91.1608,24.7932],[91.165,24.8027],[91.17,24.8057],[91.1725,24.813],[91.1707,24.827],[91.1646,24.8291],[91.1638,24.8335],[91.1591,24.8329],[91.153,24.8375],[91.1512,24.8331],[91.1441,24.8286],[91.1427,24.8254],[91.149,24.821],[91.1528,24.8106],[91.1498,24.8093],[91.1422,24.7997],[91.1446,24.7946],[91.1324,24.7926],[91.1288,24.7949],[91.13,24.7992],[91.1167,24.806],[91.1156,24.813],[91.1125,24.8174],[91.1158,24.8226],[91.1177,24.8322],[91.1207,24.8376],[91.1302,24.8398],[91.1262,24.8439],[91.1138,24.8475],[91.1104,24.853],[91.1086,24.8609],[91.1035,24.8637],[91.1039,24.8693],[91.1089,24.8714],[91.1037,24.8799],[91.0956,24.8875],[91.0888,24.8876],[91.0752,24.9012],[91.0673,24.8991],[91.0657,24.9025],[91.06,24.9033],[91.0514,24.9022],[91.0456,24.908],[91.042,24.9077],[91.0383,24.9036],[91.0392,24.8995],[91.0314,24.892],[91.0302,24.8843],[91.0237,24.8881],[91.0201,24.8851],[91.0155,24.8889],[91.0158,24.8983],[91.005,24.8927],[90.9981,24.8921],[90.9983,24.897],[90.9961,24.9022],[90.9965,24.9085],[90.9929,24.9141],[90.9898,24.9135],[90.9801,24.9172],[90.9685,24.916],[90.964,24.9115],[90.9579,24.9145],[90.9534,24.9189],[90.9568,24.9251],[90.955,24.9295],[90.9551,24.9398],[90.9635,24.942],[90.9653,24.9459],[90.9709,24.9489],[90.9726,24.9599],[90.9673,24.9621],[90.964,24.9696],[90.9601,24.9727],[90.9544,24.971],[90.9481,24.9713],[90.9479,24.975],[90.9437,24.9759],[90.9452,24.9824],[90.9412,24.9847],[90.9428,24.9932],[90.946,24.9979],[90.9473,25.0049],[90.9421,25.0043],[90.9363,25.0091],[90.934,25.0199],[90.9377,25.0277],[90.9437,25.0292],[90.9522,25.0342],[90.9576,25.032],[90.965,25.0347],[90.9523,25.0417],[90.9489,25.0451],[90.9456,25.0432],[90.9389,25.0458],[90.9326,25.0453],[90.9322,25.053],[90.9295,25.058],[90.9296,25.064],[90.9357,25.0657],[90.9324,25.0741],[90.9278,25.0779],[90.9342,25.0809],[90.94,25.079],[90.945,25.0813],[90.9511,25.0738],[90.9566,25.0704],[90.9631,25.0729],[90.9662,25.0702],[90.9708,25.0708],[90.9747,25.0743],[90.9704,25.0794],[90.9691,25.09],[90.9708,25.0957],[90.9653,25.0972],[90.954,25.1055],[90.9476,25.1134],[90.9559,25.1195],[90.9545,25.125],[90.9558,25.1292],[90.9522,25.1322],[90.9531,25.1356],[90.9492,25.1379],[90.9523,25.1494],[90.958,25.1486],[90.9664,25.1583],[90.9703,25.1606],[90.9623,25.1674],[90.9648,25.1719],[90.9607,25.1703],[90.9488,25.1709],[90.9464,25.1677],[90.9279,25.1623],[90.9221,25.1632],[90.9045,25.162],[90.8971,25.1659],[90.8946,25.1647],[90.8841,25.166],[90.8748,25.1632],[90.8713,25.1597],[90.8658,25.1612],[90.8631,25.1579],[90.8594,25.1602],[90.8552,25.158],[90.8444,25.1586],[90.8408,25.1612],[90.8315,25.1614],[90.8214,25.1634],[90.8179,25.1677],[90.8136,25.1638],[90.8049,25.1665],[90.8026,25.1729],[90.7987,25.1745],[90.7949,25.1813],[90.7872,25.1788],[90.7814,25.181],[90.7803,25.1862],[90.7755,25.1821],[90.7691,25.1827],[90.7646,25.179],[90.7591,25.1679],[90.755,25.1688],[90.7494,25.167],[90.7476,25.1641],[90.7396,25.1668],[90.7419,25.1614],[90.7385,25.1576],[90.7266,25.1582],[90.7236,25.1644],[90.7177,25.1638],[90.7147,25.1677],[90.708,25.1667],[90.7065,25.1612],[90.7023,25.1622],[90.699,25.157],[90.6917,25.161],[90.691,25.1636],[90.6818,25.1649],[90.6804,25.1694],[90.6725,25.1724],[90.6715,25.1688],[90.6659,25.166],[90.6647,25.1855],[90.6628,25.1899],[90.658,25.1853],[90.6525,25.1888],[90.6511,25.1821],[90.6483,25.1807],[90.6403,25.1837],[90.6387,25.1802],[90.6409,25.1746],[90.6345,25.1761],[90.627,25.1733],[90.6143,25.1751],[90.6097,25.1781],[90.6045,25.175],[90.5981,25.1768],[90.5913,25.1759],[90.577,25.1719],[90.5697,25.1737],[90.5597,25.1736],[90.5549,25.1718],[90.5515,25.1753],[90.5452,25.1737],[90.5379,25.1754],[90.5352,25.1734],[90.5243,25.1737],[90.5185,25.1723],[90.509,25.1754],[90.5098,25.1697],[90.4993,25.1719],[90.4992,25.1687],[90.4883,25.1641],[90.4858,25.1612],[90.4754,25.1586],[90.4636,25.1544],[90.4508,25.1525],[90.4493,25.145],[90.441,25.1446],[90.4358,25.1468],[90.4231,25.1499],[90.4136,25.1537],[90.4071,25.159],[90.4002,25.1591],[90.3871,25.1616],[90.3821,25.1611],[90.3705,25.1629],[90.3653,25.1673],[90.354,25.1735],[90.3414,25.1832],[90.3367,25.1896],[90.3302,25.1939],[90.3233,25.1922],[90.3166,25.193],[90.3104,25.1889],[90.2937,25.1927],[90.2865,25.1958],[90.2819,25.1954],[90.2681,25.1985],[90.2647,25.1965],[90.2558,25.1997],[90.2504,25.2],[90.2446,25.2025],[90.2339,25.205],[90.2255,25.2006],[90.22,25.2063],[90.2152,25.2055],[90.2078,25.2103],[90.1959,25.2111],[90.1923,25.2134],[90.1714,25.2232],[90.158,25.2241],[90.1371,25.2246],[90.1281,25.2257],[90.1181,25.2236],[90.1053,25.2294],[90.0992,25.2348],[90.0897,25.239],[90.0812,25.2405],[90.0741,25.2441],[90.0689,25.2486],[90.0598,25.2539],[90.0563,25.2605],[90.0467,25.2607],[90.0337,25.2624],[90.0214,25.2692],[90.0193,25.2722],[90.0098,25.2762],[90.0045,25.2805],[89.996,25.2768],[89.9807,25.281],[89.9803,25.2908],[89.9769,25.2971],[89.9666,25.3038],[89.9544,25.3011],[89.9469,25.2948],[89.9456,25.303],[89.9389,25.2991],[89.927,25.3014],[89.9235,25.3044],[89.9183,25.3049],[89.9091,25.3082],[89.8999,25.3054],[89.8926,25.2982],[89.89,25.2921],[89.8851,25.2881],[89.8765,25.2854],[89.8631,25.288],[89.8568,25.2868],[89.8539,25.2895],[89.8485,25.2895],[89.8448,25.2925],[89.8384,25.2933],[89.8312,25.2961],[89.8376,25.3025],[89.8372,25.3054],[89.8415,25.3083],[89.8405,25.319],[89.833,25.3309],[89.8267,25.3469],[89.8233,25.3483],[89.8214,25.3556],[89.8212,25.3745],[89.82,25.3826],[89.8235,25.3893],[89.8268,25.4007],[89.8273,25.4063],[89.8252,25.4095],[89.8256,25.4152]]]},"properties":{"division":"Mymensingh"}},
{"type":"Feature","geometry":{"type":"Polygon","coordinates":[[[89.3554,23.8859],[89.359,23.892],[89.3635,23.892],[89.3646,23.9107],[89.384,23.9081],[89.3903,23.9048],[89.4089,23.8817],[89.4153,23.8784],[89.4316,23.8675],[89.4456,23.8556],[89.4626,23.8427],[89.4686,23.8393],[89.4999,23.8268],[89.5052,23.8225],[89.515,23.8186],[89.5225,23.8168],[89.5333,23.8163],[89.5512,23.8137],[89.5622,23.81],[89.5715,23.8081],[89.5754,23.809],[89.5835,23.8144],[89.5972,23.8122],[89.611,23.8119],[89.6286,23.8093],[89.6366,23.8093],[89.6499,23.8125],[89.6638,23.8093],[89.6724,23.8097],[89.6802,23.8122],[89.692,23.8134],[89.7047,23.8192],[89.7129,23.8262],[89.72,23.8278],[89.7276,23.8332],[89.7327,23.8353],[89.7306,23.8401],[89.7121,23.8585],[89.71,23.8672],[89.7068,23.8685],[89.7038,23.8771],[89.6979,23.8854],[89.7023,23.8955],[89.6983,23.8956],[89.7005,23.9022],[89.6979,23.9095],[89.6954,23.9239],[89.6879,23.9235],[89.6846,23.9257],[89.6872,23.9316],[89.6862,23.9376],[89.6897,23.9425],[89.6927,23.9426],[89.6918,23.9549],[89.6914,23.9758],[89.6934,23.9873],[89.6983,23.9962],[89.7064,24.0038],[89.7195,24.0127],[89.7245,24.0141],[89.7329,24.0194],[89.7456,24.0229],[89.7575,24.0222],[89.7659,24.0237],[89.7746,24.0275],[89.7852,24.0352],[89.7844,24.041],[89.7893,24.041],[89.7955,24.0439],[89.8014,24.0517],[89.8166,24.0632],[89.8229,24.0732],[89.8249,24.0879],[89.8189,24.1014],[89.8168,24.1094],[89.8165,24.1313],[89.8205,24.1362],[89.8198,24.1407],[89.8099,24.146],[89.8069,24.1489],[89.8026,24.1601],[89.7891,24.1583],[89.7864,24.159],[89.78,24.1665],[89.7837,24.171],[89.7915,24.172],[89.7968,24.1712],[89.7985,24.1752],[89.794,24.1919],[89.7873,24.2104],[89.7842,24.2264],[89.7831,24.2375],[89.7846,24.2482],[89.7887,24.2574],[89.7907,24.2651],[89.7903,24.2746],[89.787,24.2886],[89.7793,24.2952],[89.7742,24.3015],[89.7719,24.3101],[89.7728,24.3247],[89.7715,24.3303],[89.7655,24.3394],[89.7573,24.3446],[89.752,24.3497],[89.7524,24.3601],[89.7601,24.3695],[89.7659,24.3752],[89.7647,24.3862],[89.7565,24.4046],[89.7531,24.4166],[89.7466,24.4305],[89.7479,24.4407],[89.7528,24.4498],[89.7545,24.4556],[89.7429,24.4553],[89.7426,24.4712],[89.749,24.4728],[89.7572,24.4825],[89.7508,24.4813],[89.7474,24.483],[89.7489,24.487],[89.758,24.4998],[89.7555,24.5063],[89.7509,24.5048],[89.7496,24.5092],[89.7421,24.5137],[89.735,24.5164],[89.7347,24.5196],[89.7398,24.5231],[89.7461,24.5205],[89.75,24.5295],[89.7474,24.5377],[89.7619,24.5379],[89.7693,24.5398],[89.7675,24.5568],[89.7721,24.5639],[89.7891,24.5723],[89.789,24.5753],[89.7842,24.5783],[89.7807,24.5912],[89.771,24.6014],[89.7701,24.6061],[89.765,24.6138],[89.7659,24.6235],[89.7767,24.6238],[89.7845,24.6256],[89.7833,24.6406],[89.7855,24.6625],[89.7834,24.6695],[89.7922,24.6729],[89.7986,24.6786],[89.797,24.6854],[89.7901,24.6864],[89.788,24.6968],[89.7925,24.7033],[89.7892,24.7053],[89.7831,24.7045],[89.7824,24.7088],[89.7789,24.7102],[89.7769,24.716],[89.7736,24.7166],[89.7724,24.724],[89.7874,24.7275],[89.7908,24.7348],[89.787,24.7407],[89.7775,24.7428],[89.7809,24.746],[89.7832,24.7519],[89.7812,24.7634],[89.7775,24.768],[89.771,24.7729],[89.758,24.7672],[89.7426,24.7748],[89.7394,24.7719],[89.7405,24.7684],[89.7351,24.7657],[89.7331,24.7699],[89.7153,24.7773],[89.7228,24.7859],[89.7303,24.7984],[89.7243,24.8001],[89.71,24.807],[89.6995,24.8146],[89.6868,24.8264],[89.6805,24.8371],[89.6791,24.8467],[89.6685,24.865],[89.6671,24.8781],[89.6608,24.8881],[89.6717,24.8929],[89.678,24.9003],[89.6784,24.9031],[89.6861,24.9028],[89.6832,24.916],[89.6789,24.916],[89.6746,24.9205],[89.6722,24.9299],[89.6735,24.9359],[89.6779,24.9432],[89.6765,24.9658],[89.6705,24.9781],[89.6621,24.986],[89.6608,24.9894],[89.6619,24.9949],[89.6609,25.0078],[89.6573,25.0188],[89.6543,25.024],[89.648,25.0428],[89.6478,25.0467],[89.6413,25.0416],[89.641,25.039],[89.6345,25.0392],[89.6104,25.0509],[89.6,25.0503],[89.5956,25.0459],[89.5798,25.0432],[89.5721,25.0428],[89.5641,25.0379],[89.5576,25.0396],[89.5467,25.0395],[89.5399,25.0421],[89.5336,25.0402],[89.5261,25.0438],[89.5199,25.0402],[89.5151,25.0404],[89.509,25.0439],[89.5035,25.0448],[89.5003,25.0494],[89.4929,25.0507],[89.4908,25.0599],[89.4881,25.0616],[89.4734,25.0598],[89.4721,25.055],[89.4648,25.0576],[89.4651,25.0613],[89.4591,25.0614],[89.4536,25.0654],[89.4539,25.0564],[89.4494,25.0591],[89.4506,25.066],[89.4541,25.0709],[89.4533,25.075],[89.4414,25.0727],[89.4296,25.0733],[89.4267,25.066],[89.4234,25.068],[89.4227,25.0752],[89.4177,25.0761],[89.4166,25.0808],[89.4132,25.0831],[89.4096,25.0774],[89.4032,25.0788],[89.4008,25.0756],[89.4033,25.0678],[89.3948,25.0685],[89.3914,25.0665],[89.3911,25.0611],[89.3878,25.0505],[89.3843,25.0512],[89.3812,25.06],[89.3695,25.0663],[89.3602,25.0663],[89.3594,25.0714],[89.3561,25.0764],[89.3556,25.0812],[89.3598,25.0889],[89.3533,25.0891],[89.3522,25.0937],[89.3479,25.0956],[89.345,25.101],[89.3395,25.0974],[89.3364,25.1014],[89.34,25.11],[89.335,25.1138],[89.3345,25.1196],[89.3321,25.1229],[89.3274,25.1213],[89.3222,25.122],[89.3178,25.116],[89.301,25.1184],[89.2965,25.1156],[89.2951,25.1111],[89.2906,25.1091],[89.283,25.0961],[89.2832,25.0928],[89.2791,25.0877],[89.2678,25.0919],[89.2598,25.0969],[89.2516,25.0974],[89.2484,25.1073],[89.2494,25.1131],[89.2433,25.1227],[89.2375,25.1292],[89.2313,25.1444],[89.2176,25.1449],[89.2229,25.155],[89.2196,25.156],[89.2101,25.1677],[89.2041,25.1669],[89.2038,25.1701],[89.1978,25.1708],[89.1956,25.176],[89.1962,25.1808],[89.1916,25.1835],[89.1839,25.1845],[89.1839,25.1872],[89.1912,25.192],[89.1941,25.2001],[89.1925,25.2062],[89.195,25.2083],[89.1946,25.2169],[89.1982,25.2192],[89.2044,25.2282],[89.1964,25.2308],[89.1956,25.24],[89.1904,25.2407],[89.1871,25.2357],[89.178,25.2369],[89.1733,25.2399],[89.1675,25.2404],[89.1643,25.2456],[89.1594,25.248],[89.1593,25.2529],[89.1513,25.254],[89.1502,25.2563],[89.1412,25.2551],[89.1402,25.2467],[89.1295,25.2445],[89.1197,25.2515],[89.1167,25.2464],[89.1047,25.2413],[89.0989,25.2428],[89.0959,25.2411],[89.0905,25.2506],[89.0841,25.2518],[89.0802,25.2603],[89.0701,25.2698],[89.0645,25.2626],[89.0585,25.2617],[89.0573,25.2644],[89.051,25.2655],[89.0434,25.2688],[89.0383,25.2728],[89.0289,25.2766],[89.0214,25.2678],[89.0078,25.2677],[89.0052,25.2691],[88.9968,25.2692],[88.9923,25.2738],[88.9868,25.2746],[88.9845,25.2694],[88.9798,25.2637],[88.9758,25.2642],[88.9707,25.2605],[88.959,25.2545],[88.9506,25.2441],[88.9543,25.2372],[88.9523,25.2294],[88.9577,25.2232],[88.9586,25.2131],[88.9614,25.2106],[88.9546,25.2067],[88.9436,25.2065],[88.9413,25.2103],[88.9367,25.2099],[88.9369,25.2027],[88.9338,25.1999],[88.9378,25.1936],[88.9475,25.1946],[88.9478,25.1875],[88.9435,25.1831],[88.9496,25.1813],[88.9484,25.1764],[88.9432,25.1736],[88.9389,25.1793],[88.9333,25.1813],[88.9241,25.1719],[88.923,25.165],[88.9183,25.1674],[88.9123,25.1681],[88.9126,25.178],[88.9109,25.1804],[88.9009,25.1801],[88.899,25.1825],[88.8894,25.1848],[88.8898,25.1785],[88.8758,25.179],[88.8753,25.1852],[88.8728,25.1891],[88.8641,25.1902],[88.8649,25.2007],[88.8584,25.2025],[88.8548,25.1999],[88.8497,25.2019],[88.8492,25.2107],[88.8376,25.211],[88.8367,25.2063],[88.8304,25.2055],[88.8269,25.1926],[88.8179,25.189],[88.8148,25.185],[88.8133,25.1744],[88.8059,25.1735],[88.8058,25.1705],[88.7984,25.1713],[88.7736,25.1795],[88.7728,25.1895],[88.7693,25.1899],[88.767,25.1833],[88.7591,25.1858],[88.7554,25.1811],[88.7453,25.1829],[88.7426,25.1868],[88.7345,25.1847],[88.7333,25.2],[88.7253,25.199],[88.724,25.2026],[88.7179,25.202],[88.7149,25.2071],[88.7045,25.2083],[88.6895,25.2079],[88.6873,25.2095],[88.68,25.209],[88.6783,25.2033],[88.6727,25.1985],[88.6673,25.1986],[88.6638,25.2028],[88.647,25.2044],[88.6428,25.2064],[88.631,25.2018],[88.6261,25.2043],[88.6188,25.2051],[88.6123,25.2036],[88.6103,25.1987],[88.5968,25.1912],[88.5907,25.1923],[88.5914,25.1869],[88.5869,25.1823],[88.5814,25.1822],[88.5796,25.1769],[88.5716,25.177],[88.5648,25.1746],[88.5556,25.1791],[88.5597,25.1846],[88.5599,25.191],[88.548,25.1953],[88.542,25.194],[88.5407,25.1891],[88.5339,25.1881],[88.5329,25.1945],[88.5342,25.1981],[88.5079,25.2032],[88.5006,25.2034],[88.4991,25.2105],[88.48,25.2115],[88.4754,25.2135],[88.4741,25.2076],[88.4676,25.1974],[88.4634,25.195],[88.4469,25.1976],[88.4431,25.1951],[88.4418,25.1859],[88.4459,25.1803],[88.4429,25.1744],[88.4488,25.1724],[88.4539,25.1652],[88.4592,25.161],[88.457,25.1532],[88.4595,25.1496],[88.46,25.1401],[88.4578,25.1348],[88.4482,25.131],[88.4474,25.1282],[88.4414,25.1276],[88.443,25.1185],[88.4471,25.1079],[88.4439,25.1005],[88.4465,25.0938],[88.4465,25.0815],[88.4512,25.0792],[88.4511,25.0753],[88.4457,25.0711],[88.4423,25.0627],[88.4353,25.0553],[88.4354,25.0504],[88.4378,25.0432],[88.4471,25.0418],[88.4526,25.0371],[88.4445,25.0317],[88.4456,25.0275],[88.4386,25.0184],[88.4419,25.0133],[88.4371,25.0128],[88.4361,25.0062],[88.4304,25.0081],[88.422,25.007],[88.4153,24.9984],[88.4118,24.9854],[88.4153,24.9833],[88.4174,24.975],[88.4109,24.9736],[88.4093,24.9775],[88.4047,24.9796],[88.4033,24.9738],[88.3984,24.9729],[88.3955,24.9698],[88.3934,24.9604],[88.4004,24.9548],[88.4003,24.9473],[88.395,24.9417],[88.3891,24.9421],[88.3825,24.9389],[88.3749,24.9441],[88.3716,24.9423],[88.3667,24.945],[88.3639,24.9493],[88.3603,24.9495],[88.3537,24.9421],[88.3497,24.945],[88.3398,24.9397],[88.3412,24.9359],[88.3342,24.9267],[88.3355,24.9183],[88.3292,24.9198],[88.3243,24.9177],[88.328,24.9043],[88.3319,24.9053],[88.3374,24.8998],[88.3439,24.8997],[88.3468,24.8925],[88.3388,24.8784],[88.333,24.8709],[88.3277,24.8702],[88.3213,24.8756],[88.321,24.8834],[88.3185,24.8836],[88.3099,24.8779],[88.3047,24.8723],[88.3013,24.8735],[88.2996,24.879],[88.3008,24.8845],[88.2939,24.8894],[88.2862,24.8893],[88.2757,24.8919],[88.2728,24.8966],[88.2681,24.8886],[88.2657,24.8773],[88.259,24.8781],[88.2627,24.884],[88.2649,24.8928],[88.2639,24.9028],[88.2641,24.9146],[88.2591,24.9263],[88.2535,24.9293],[88.2398,24.9409],[88.2346,24.9473],[88.2293,24.9581],[88.225,24.9601],[88.2072,24.9583],[88.1989,24.9567],[88.1902,24.9524],[88.1811,24.9512],[88.1749,24.9488],[88.1702,24.9505],[88.1646,24.9414],[88.1583,24.9415],[88.1575,24.9336],[88.1496,24.9327],[88.1455,24.9368],[88.138,24.9363],[88.1385,24.9257],[88.1403,24.9142],[88.1438,24.9143],[88.1536,24.9065],[88.1539,24.8997],[88.1652,24.8955],[88.1691,24.8909],[88.1607,24.8891],[88.1577,24.8925],[88.1526,24.8845],[88.1554,24.8817],[88.1637,24.8781],[88.1593,24.8722],[88.1659,24.8635],[88.1719,24.8638],[88.1719,24.8607],[88.1622,24.8581],[88.164,24.8501],[88.1469,24.8502],[88.1448,24.8437],[88.1412,24.8419],[88.1396,24.8361],[88.1346,24.8341],[88.1335,24.8242],[88.1343,24.8138],[88.1363,24.8054],[88.1307,24.8051],[88.1235,24.8232],[88.1152,24.8172],[88.11,24.8105],[88.105,24.7997],[88.1063,24.787],[88.1061,24.7797],[88.0959,24.7803],[88.089,24.783],[88.0778,24.7692],[88.0724,24.7731],[88.0688,24.7639],[88.0745,24.7609],[88.0657,24.7508],[88.0725,24.7438],[88.0691,24.7373],[88.0628,24.7216],[88.0558,24.7148],[88.0537,24.711],[88.0487,24.7096],[88.0391,24.7017],[88.0136,24.6747],[88.0086,24.6679],[88.0236,24.6555],[88.0279,24.6499],[88.0394,24.6449],[88.057,24.6189],[88.0692,24.6034],[88.0712,24.598],[88.0828,24.5818],[88.0879,24.5721],[88.0895,24.5669],[88.0969,24.5565],[88.1056,24.5463],[88.1145,24.5377],[88.12,24.5338],[88.1303,24.5235],[88.1407,24.5113],[88.1495,24.5039],[88.1537,24.5038],[88.1667,24.498],[88.1734,24.4931],[88.185,24.4816],[88.19,24.4743],[88.1913,24.4686],[88.1984,24.4626],[88.2044,24.4595],[88.2163,24.4566],[88.2275,24.4556],[88.2372,24.453],[88.2489,24.4483],[88.2633,24.446],[88.2756,24.4378],[88.2816,24.4296],[88.2849,24.4223],[88.2941,24.4141],[88.3109,24.4015],[88.3283,24.385],[88.3339,24.3815],[88.3452,24.3766],[88.357,24.3737],[88.3666,24.3731],[88.3801,24.3743],[88.3894,24.3719],[88.4123,24.3769],[88.4196,24.3815],[88.4303,24.3838],[88.4463,24.3787],[88.4642,24.3668],[88.4835,24.3571],[88.4959,24.3545],[88.5079,24.3426],[88.5186,24.3425],[88.5271,24.3445],[88.5551,24.2934],[88.5621,24.3139],[88.5676,24.3267],[88.5871,24.3242],[88.588,24.312],[88.5953,24.3122],[88.6061,24.3104],[88.6067,24.3153],[88.6151,24.3148],[88.6237,24.3156],[88.6285,24.3052],[88.6489,24.3111],[88.6525,24.3052],[88.6589,24.3145],[88.67,24.3145],[88.6813,24.3159],[88.6965,24.3154],[88.7063,24.3119],[88.7144,24.3046],[88.7247,24.2979],[88.7354,24.2766],[88.7381,24.2656],[88.7377,24.2611],[88.7409,24.254],[88.739,24.247],[88.7361,24.2287],[88.7345,24.2224],[88.7352,24.2116],[88.7334,24.1939],[88.7382,24.1936],[88.7474,24.175],[88.7572,24.1618],[88.7701,24.15],[88.7845,24.135],[88.796,24.1286],[88.8071,24.1241],[88.8195,24.1211],[88.8352,24.1223],[88.8437,24.1259],[88.8614,24.1114],[88.8713,24.1108],[88.8811,24.1152],[88.8832,24.1066],[88.8744,24.1002],[88.8851,24.1018],[88.8978,24.1072],[88.9065,24.1118],[88.9114,24.1129],[88.9105,24.1256],[88.9219,24.1291],[88.9201,24.1249],[88.9203,24.1184],[88.9282,24.1236],[88.9385,24.1317],[88.9499,24.1251],[88.9676,24.1233],[88.9893,24.1218],[88.9996,24.1203],[89.0096,24.1161],[89.0145,24.1106],[89.017,24.1049],[89.0255,24.0936],[89.0275,24.0846],[89.03,24.0802],[89.0309,24.0715],[89.0463,24.0262],[89.0481,24.0196],[89.0626,23.9916],[89.0628,23.9874],[89.0728,23.9779],[89.0824,23.9749],[89.0894,23.9747],[89.0962,23.9725],[89.0965,23.9636],[89.0993,23.9599],[89.1102,23.9593],[89.1249,23.9624],[89.1319,23.9607],[89.1356,23.9556],[89.1422,23.9545],[89.1483,23.9506],[89.1635,23.9498],[89.1703,23.9511],[89.1794,23.9621],[89.1776,23.9668],[89.1801,23.9729],[89.1763,23.9775],[89.1778,23.9874],[89.1873,23.9879],[89.1978,23.9871],[89.2088,23.9888],[89.2163,23.9885],[89.2159,23.9727],[89.2202,23.9715],[89.2305,23.9759],[89.237,23.9729],[89.2358,23.968],[89.2354,23.9497],[89.2365,23.944],[89.2405,23.9392],[89.248,23.9341],[89.2513,23.9338],[89.2528,23.9228],[89.2565,23.9156],[89.2596,23.9154],[89.2624,23.9098],[89.2591,23.8999],[89.2586,23.8847],[89.2653,23.8778],[89.2691,23.881],[89.2735,23.9013],[89.2752,23.9042],[89.2803,23.9056],[89.2846,23.8966],[89.2948,23.8909],[89.3039,23.8888],[89.3047,23.8831],[89.312,23.8744],[89.3232,23.8767],[89.3374,23.8827],[89.3471,23.8892],[89.3515,23.883],[89.3554,23.8859]]]},"properties":{"division":"Rajshahi"}},
{"type":"Feature","geometry":{"type":"MultiPolygon","coordinates":[[[[89.8256,25.4152],[89.8305,25.4285],[89.8327,25.4389],[89.8424,25.4558],[89.8521,25.466],[89.8522,25.4724],[89.8492,25.474],[89.8505,25.4859],[89.8498,25.4938],[89.8551,25.4973],[89.8539,25.5043],[89.857,25.5045],[89.8602,25.5177],[89.8512,25.5387],[89.8638,25.5438],[89.8663,25.5478],[89.8672,25.5623],[89.8728,25.5694],[89.8756,25.5828],[89.8733,25.588],[89.8787,25.6017],[89.8824,25.6173],[89.881,25.6318],[89.8781,25.6394],[89.871,25.6626],[89.8661,25.6632],[89.8625,25.6672],[89.8584,25.6799],[89.8515,25.6873],[89.8466,25.6959],[89.8519,25.7067],[89.8492,25.7152],[89.8378,25.7149],[89.8343,25.7165],[89.8273,25.73],[89.827,25.7348],[89.829,25.7425],[89.8371,25.752],[89.8413,25.7591],[89.8383,25.7757],[89.8339,25.783],[89.8339,25.7885],[89.8311,25.7914],[89.8299,25.8008],[89.8258,25.8112],[89.817,25.8144],[89.8173,25.8178],[89.8259,25.8291],[89.8272,25.833],[89.8352,25.8408],[89.8341,25.856],[89.8356,25.8605],[89.8325,25.8707],[89.8377,25.8753],[89.8407,25.8801],[89.8487,25.8879],[89.8482,25.8921],[89.8568,25.8998],[89.8617,25.9069],[89.8785,25.9243],[89.8779,25.9267],[89.8826,25.9381],[89.887,25.9453],[89.8769,25.947],[89.8638,25.944],[89.8494,25.9431],[89.845,25.9401],[89.8391,25.9412],[89.8369,25.9452],[89.8253,25.9456],[89.8256,25.9516],[89.8326,25.9549],[89.8404,25.9514],[89.8471,25.9568],[89.8426,25.9646],[89.8388,25.9663],[89.8419,25.9707],[89.8498,25.9708],[89.8552,25.9689],[89.8718,25.9742],[89.8711,25.9785],[89.867,25.9826],[89.857,25.988],[89.8508,25.9898],[89.8479,25.9949],[89.8476,26.0008],[89.8442,26.0061],[89.8358,26.0127],[89.8315,26.0099],[89.8309,26.002],[89.8334,25.9909],[89.8367,25.9853],[89.8359,25.9825],[89.8242,25.985],[89.8174,25.9915],[89.8206,25.9997],[89.819,26.0031],[89.8212,26.012],[89.8161,26.0171],[89.8153,26.0203],[89.8192,26.0259],[89.8138,26.0319],[89.8114,26.0409],[89.806,26.0446],[89.8021,26.0321],[89.7963,26.0293],[89.8018,26.0404],[89.7957,26.0424],[89.7894,26.0397],[89.7798,26.0405],[89.7765,26.035],[89.7736,26.0377],[89.7792,26.0445],[89.7827,26.0453],[89.7881,26.0498],[89.7847,26.0514],[89.7846,26.056],[89.7987,26.0597],[89.7955,26.0647],[89.7973,26.0676],[89.7948,26.0771],[89.7951,26.0845],[89.792,26.0895],[89.7887,26.0887],[89.7851,26.0835],[89.7816,26.0874],[89.7843,26.0988],[89.7841,26.1054],[89.7788,26.1082],[89.7763,26.1059],[89.7697,26.1049],[89.7637,26.11],[89.7576,26.108],[89.7554,26.1139],[89.7612,26.1193],[89.7653,26.1251],[89.7664,26.131],[89.7631,26.1372],[89.755,26.1394],[89.754,26.146],[89.7476,26.1574],[89.7436,26.1594],[89.7374,26.1592],[89.7204,26.1564],[89.7191,26.1653],[89.7126,26.1681],[89.7104,26.1627],[89.7099,26.1563],[89.7013,26.1519],[89.7001,26.1556],[89.695,26.1596],[89.6743,26.167],[89.6855,26.1701],[89.6978,26.17],[89.702,26.1741],[89.694,26.1756],[89.6844,26.1879],[89.6812,26.1979],[89.6781,26.1977],[89.6734,26.2058],[89.6803,26.2104],[89.6786,26.2195],[89.6857,26.2267],[89.6818,26.2278],[89.6779,26.2356],[89.6722,26.2291],[89.6718,26.22],[89.6648,26.2212],[89.6619,26.2193],[89.6504,26.2211],[89.6456,26.2257],[89.641,26.2261],[89.6375,26.2304],[89.6338,26.2303],[89.6359,26.2189],[89.6321,26.212],[89.6383,26.2111],[89.6394,26.1998],[89.6499,26.1903],[89.645,26.1848],[89.638,26.1869],[89.6351,26.1903],[89.636,26.1938],[89.6301,26.1959],[89.6274,26.1889],[89.6292,26.1821],[89.639,26.1787],[89.6436,26.1829],[89.6498,26.1798],[89.6554,26.1815],[89.6586,26.1765],[89.6502,26.1699],[89.6492,26.1645],[89.6384,26.167],[89.6378,26.1722],[89.6321,26.172],[89.637,26.1789],[89.6321,26.1799],[89.6256,26.1764],[89.6238,26.1792],[89.6128,26.178],[89.6109,26.1744],[89.6112,26.1687],[89.6134,26.1621],[89.6103,26.1539],[89.6012,26.1579],[89.5998,26.161],[89.5948,26.1605],[89.5983,26.1505],[89.5955,26.14],[89.5965,26.1353],[89.6041,26.1259],[89.6021,26.122],[89.6042,26.1176],[89.6077,26.1188],[89.6086,26.1229],[89.6123,26.1279],[89.6171,26.1206],[89.6204,26.1198],[89.6225,26.1261],[89.6263,26.1285],[89.6294,26.1242],[89.6303,26.1185],[89.6274,26.1141],[89.6175,26.1078],[89.6106,26.1086],[89.6052,26.1065],[89.6008,26.1091],[89.6,26.1035],[89.5938,26.1022],[89.5967,26.098],[89.6042,26.0948],[89.6147,26.0946],[89.6136,26.1009],[89.6161,26.1043],[89.6215,26.1004],[89.6236,26.1075],[89.6301,26.1069],[89.6324,26.1018],[89.6321,26.0973],[89.6373,26.0898],[89.6334,26.0826],[89.6367,26.0754],[89.6483,26.0685],[89.649,26.0615],[89.6437,26.0631],[89.6348,26.0611],[89.6317,26.063],[89.6193,26.0535],[89.6131,26.0594],[89.6112,26.0512],[89.6043,26.0489],[89.5983,26.0445],[89.5977,26.0379],[89.595,26.0353],[89.5866,26.0351],[89.5832,26.0303],[89.5835,26.0244],[89.5784,26.0222],[89.5812,26.0115],[89.5815,26.0034],[89.5862,25.9943],[89.5831,25.9903],[89.5867,25.981],[89.5834,25.9788],[89.5767,25.9781],[89.5778,25.9694],[89.5688,25.9679],[89.5674,25.9705],[89.5683,25.9792],[89.5638,25.9789],[89.5636,25.9738],[89.5577,25.97],[89.5576,25.9655],[89.5499,25.9664],[89.5409,25.9696],[89.5381,25.9757],[89.5415,25.9834],[89.536,25.9857],[89.5377,25.9943],[89.545,26.0004],[89.5408,26.006],[89.5261,26.0049],[89.5212,26.0087],[89.5145,26.0073],[89.5091,26.0021],[89.4908,26.0043],[89.4818,25.9975],[89.4616,25.9985],[89.4524,26.005],[89.4452,26.0086],[89.4363,26.0095],[89.4274,26.0132],[89.4273,26.0193],[89.4339,26.0305],[89.4326,26.0389],[89.4295,26.0435],[89.4258,26.0443],[89.4189,26.042],[89.4074,26.0416],[89.4031,26.0277],[89.3935,26.023],[89.3911,26.0168],[89.3935,26.0153],[89.3938,26.0087],[89.3816,26.0109],[89.3643,26.0083],[89.3571,26.008],[89.3464,26.0116],[89.341,26.0155],[89.3366,26.0265],[89.3289,26.0315],[89.3229,26.0377],[89.3147,26.0391],[89.3088,26.0427],[89.3062,26.0466],[89.2999,26.0477],[89.2966,26.0454],[89.2892,26.0483],[89.2785,26.0486],[89.281,26.0586],[89.281,26.0657],[89.2752,26.0616],[89.267,26.0609],[89.2544,26.0642],[89.256,26.0718],[89.2547,26.0748],[89.2613,26.0859],[89.2658,26.0879],[89.2656,26.0924],[89.2625,26.0941],[89.2516,26.0915],[89.2516,26.0986],[89.2449,26.1067],[89.2415,26.1058],[89.2392,26.1104],[89.2335,26.1142],[89.2268,26.1232],[89.217,26.1264],[89.2106,26.1259],[89.2028,26.1294],[89.1929,26.1239],[89.1877,26.1277],[89.1759,26.1311],[89.17,26.1305],[89.1605,26.1352],[89.1552,26.1407],[89.1509,26.1488],[89.1517,26.1517],[89.1485,26.1582],[89.1553,26.1596],[89.1491,26.1701],[89.141,26.1694],[89.1375,26.1764],[89.1355,26.1874],[89.1383,26.1888],[89.1401,26.1997],[89.1439,26.2004],[89.149,26.2103],[89.1421,26.2146],[89.1421,26.2211],[89.1395,26.2296],[89.1409,26.2359],[89.134,26.2376],[89.1353,26.2412],[89.1309,26.2427],[89.13,26.2489],[89.1239,26.2499],[89.1198,26.2527],[89.1252,26.2636],[89.1049,26.2756],[89.106,26.2812],[89.1019,26.282],[89.1037,26.297],[89.1073,26.2993],[89.0992,26.3041],[89.1029,26.3084],[89.1034,26.3133],[89.1082,26.3131],[89.109,26.3046],[89.1142,26.3037],[89.1139,26.2983],[89.1197,26.2876],[89.1254,26.2912],[89.1245,26.2941],[89.1282,26.298],[89.1324,26.2988],[89.129,26.3059],[89.1337,26.3059],[89.1353,26.3089],[89.1362,26.3202],[89.1285,26.3224],[89.1154,26.32],[89.1056,26.3266],[89.1036,26.323],[89.0936,26.3259],[89.0919,26.3204],[89.0872,26.3232],[89.0909,26.3296],[89.0953,26.3299],[89.0965,26.334],[89.1002,26.3366],[89.0979,26.3499],[89.0952,26.3521],[89.0964,26.3573],[89.0897,26.3621],[89.0797,26.3629],[89.0799,26.3668],[89.0884,26.3658],[89.0906,26.3752],[89.089,26.381],[89.0918,26.3826],[89.0904,26.3918],[89.0852,26.3939],[89.0873,26.3978],[89.0748,26.3961],[89.0672,26.4001],[89.0644,26.3967],[89.059,26.3989],[89.0458,26.4],[89.0378,26.3998],[89.0335,26.3955],[89.0314,26.4039],[89.028,26.4078],[89.023,26.4083],[89.0217,26.4142],[89.0179,26.4152],[89.0072,26.4128],[89.0059,26.4215],[88.9992,26.4219],[88.9941,26.4169],[88.9914,26.4202],[88.9829,26.4211],[88.9814,26.4304],[88.9787,26.4361],[88.9828,26.4381],[88.9824,26.444],[88.975,26.45],[88.9662,26.4513],[88.9647,26.4574],[88.9571,26.4595],[88.9573,26.4549],[88.9518,26.4485],[88.9461,26.448],[88.949,26.4432],[88.9511,26.4337],[88.9454,26.4328],[88.9428,26.4283],[88.9381,26.4282],[88.9339,26.4317],[88.9281,26.433],[88.9254,26.4291],[88.9314,26.4248],[88.923,26.4234],[88.9254,26.4165],[88.9312,26.4143],[88.9265,26.4069],[88.9146,26.4086],[88.9067,26.4067],[88.9099,26.4009],[88.9172,26.4033],[88.9188,26.395],[88.9165,26.385],[88.9121,26.3826],[88.9137,26.378],[88.9205,26.3786],[88.92,26.3747],[88.9132,26.3743],[88.9105,26.3711],[88.9119,26.3662],[88.92,26.3663],[88.9223,26.3632],[88.9289,26.3639],[88.9309,26.3601],[88.9369,26.3568],[88.9426,26.3577],[88.9473,26.3607],[88.9504,26.3663],[88.9581,26.3575],[88.9508,26.3544],[88.9498,26.3486],[88.9523,26.3439],[88.9524,26.3347],[88.9559,26.3301],[88.9603,26.3302],[88.9594,26.336],[88.9626,26.3455],[88.9591,26.348],[88.9605,26.3515],[88.9659,26.3496],[88.9755,26.3494],[88.9797,26.3466],[88.9851,26.35],[88.9872,26.3481],[88.9859,26.3399],[88.9823,26.3391],[88.9869,26.3321],[88.9918,26.3334],[89.0009,26.3299],[88.9977,26.3224],[88.994,26.32],[88.9933,26.315],[88.985,26.3182],[88.9829,26.3102],[88.9849,26.3006],[88.9922,26.3007],[88.996,26.2968],[88.9957,26.2903],[89,26.2908],[89.0076,26.3042],[89.0124,26.2972],[89.0121,26.2937],[89.0168,26.2895],[89.0195,26.2951],[89.0155,26.3022],[89.0226,26.3083],[89.026,26.3042],[89.0209,26.2973],[89.0197,26.2899],[89.0217,26.2877],[89.0316,26.2856],[89.0446,26.2794],[89.0464,26.2957],[89.0523,26.2961],[89.053,26.2921],[89.0586,26.2933],[89.0603,26.2897],[89.0575,26.286],[89.0621,26.2817],[89.0587,26.2758],[89.0629,26.2702],[89.06,26.2677],[89.0625,26.2596],[89.0601,26.2569],[89.0519,26.2561],[89.0488,26.2518],[89.046,26.2408],[89.0373,26.2458],[89.0275,26.2477],[89.0273,26.2442],[89.0214,26.2451],[88.9988,26.2445],[88.9937,26.2456],[88.9796,26.2449],[88.9716,26.2403],[88.9654,26.2388],[88.9531,26.2421],[88.9472,26.2523],[88.9443,26.2546],[88.9395,26.2641],[88.9351,26.2671],[88.9314,26.2766],[88.9262,26.2839],[88.9198,26.2846],[88.9181,26.288],[88.9098,26.2875],[88.8982,26.2887],[88.8758,26.2866],[88.8663,26.2795],[88.8671,26.2763],[88.8613,26.2727],[88.8643,26.2679],[88.8613,26.2637],[88.8614,26.2521],[88.868,26.2491],[88.8718,26.2446],[88.8717,26.2405],[88.8765,26.2381],[88.8778,26.2335],[88.8716,26.2342],[88.8601,26.2324],[88.8542,26.2352],[88.8437,26.2325],[88.8385,26.2322],[88.8381,26.2382],[88.8276,26.2397],[88.8269,26.2448],[88.8234,26.2486],[88.8232,26.2534],[88.8128,26.2569],[88.815,26.2691],[88.8137,26.2735],[88.8103,26.2743],[88.8132,26.2885],[88.8191,26.2946],[88.8131,26.2972],[88.8018,26.3064],[88.7935,26.3101],[88.7818,26.3031],[88.7762,26.3038],[88.7718,26.3006],[88.764,26.299],[88.7597,26.3003],[88.7566,26.3106],[88.7466,26.3111],[88.7432,26.2993],[88.7373,26.2935],[88.7297,26.2947],[88.7276,26.2929],[88.7197,26.2931],[88.7219,26.2829],[88.7091,26.2818],[88.6958,26.2795],[88.69,26.2667],[88.6794,26.259],[88.6781,26.2642],[88.6718,26.267],[88.672,26.2723],[88.6676,26.272],[88.6673,26.2782],[88.6696,26.2809],[88.6664,26.2851],[88.6706,26.2983],[88.6807,26.2953],[88.6856,26.2886],[88.6815,26.2872],[88.6862,26.2821],[88.6989,26.2855],[88.7015,26.2899],[88.6948,26.2915],[88.6927,26.2948],[88.686,26.2948],[88.6782,26.3044],[88.683,26.3086],[88.6825,26.3126],[88.676,26.3175],[88.6793,26.3222],[88.6919,26.3226],[88.6932,26.3141],[88.7063,26.3148],[88.715,26.3181],[88.7208,26.3144],[88.7263,26.3176],[88.7312,26.3185],[88.7306,26.3238],[88.7391,26.3238],[88.7465,26.3225],[88.7487,26.332],[88.7457,26.3325],[88.7373,26.3288],[88.7359,26.3341],[88.7427,26.3368],[88.7456,26.3447],[88.7439,26.3488],[88.7363,26.3496],[88.7296,26.3481],[88.7293,26.3447],[88.7238,26.343],[88.7128,26.3437],[88.7124,26.3378],[88.7101,26.3348],[88.7046,26.3326],[88.7022,26.3355],[88.7039,26.342],[88.6996,26.3417],[88.6951,26.3442],[88.6979,26.3516],[88.6978,26.3557],[88.6938,26.3565],[88.6891,26.3638],[88.6876,26.3716],[88.6813,26.378],[88.6829,26.3824],[88.695,26.3852],[88.7021,26.3859],[88.6988,26.3902],[88.6941,26.3877],[88.6874,26.3869],[88.6876,26.3925],[88.6781,26.3935],[88.6731,26.3983],[88.6757,26.4011],[88.6816,26.4022],[88.6817,26.408],[88.6677,26.4073],[88.6628,26.41],[88.6604,26.4164],[88.6505,26.4156],[88.6491,26.4203],[88.6514,26.4246],[88.6498,26.4297],[88.6382,26.4296],[88.6304,26.4347],[88.6237,26.4349],[88.6231,26.4384],[88.6282,26.4411],[88.6256,26.4509],[88.6229,26.4712],[88.6003,26.4713],[88.5958,26.4693],[88.5946,26.4523],[88.5843,26.4504],[88.5845,26.4542],[88.5788,26.4567],[88.563,26.4576],[88.5599,26.4612],[88.5589,26.4667],[88.5523,26.4772],[88.5547,26.4785],[88.5565,26.4849],[88.5301,26.4813],[88.5279,26.4862],[88.5228,26.4868],[88.5247,26.4917],[88.5186,26.5013],[88.5228,26.5063],[88.5214,26.5106],[88.5137,26.5107],[88.508,26.5163],[88.502,26.5155],[88.4973,26.5122],[88.4924,26.512],[88.4894,26.5142],[88.4892,26.5222],[88.4873,26.531],[88.4825,26.5311],[88.4822,26.5366],[88.4843,26.5399],[88.4739,26.5445],[88.4646,26.5444],[88.4616,26.5472],[88.4574,26.5449],[88.4584,26.5403],[88.4564,26.537],[88.4482,26.5354],[88.4433,26.5394],[88.443,26.5441],[88.4373,26.5441],[88.4312,26.5502],[88.4211,26.5711],[88.4225,26.5829],[88.4194,26.592],[88.4198,26.5992],[88.4169,26.6122],[88.418,26.6217],[88.4146,26.6225],[88.4161,26.6281],[88.4151,26.6333],[88.4106,26.6345],[88.4075,26.6315],[88.3984,26.6259],[88.3963,26.62],[88.3905,26.6163],[88.3877,26.612],[88.3886,26.6089],[88.3985,26.6037],[88.3796,26.5983],[88.3759,26.5943],[88.374,26.5792],[88.3706,26.5768],[88.3714,26.5695],[88.3704,26.5597],[88.3653,26.5554],[88.3653,26.5521],[88.3571,26.5414],[88.3594,26.5303],[88.3536,26.5259],[88.3516,26.5214],[88.353,26.516],[88.3459,26.5053],[88.3386,26.5011],[88.3321,26.4932],[88.3315,26.4865],[88.3337,26.4788],[88.3407,26.4784],[88.3405,26.4691],[88.3463,26.4687],[88.3483,26.46],[88.351,26.4543],[88.3553,26.4501],[88.361,26.4615],[88.3611,26.4661],[88.366,26.4709],[88.3626,26.473],[88.3607,26.4849],[88.3633,26.487],[88.3744,26.4885],[88.3756,26.4841],[88.3862,26.4829],[88.3877,26.4789],[88.4012,26.4832],[88.4125,26.4742],[88.4153,26.4693],[88.4229,26.4699],[88.4284,26.473],[88.4371,26.4661],[88.4581,26.4667],[88.4809,26.4609],[88.4842,26.4567],[88.4788,26.4539],[88.4814,26.4505],[88.4864,26.4507],[88.4866,26.4454],[88.4908,26.4441],[88.4911,26.4405],[88.4962,26.4372],[88.4907,26.4286],[88.4967,26.4276],[88.4982,26.4243],[88.4933,26.4202],[88.4961,26.4171],[88.5018,26.4162],[88.4953,26.4104],[88.5008,26.4073],[88.5101,26.4056],[88.5092,26.4006],[88.5048,26.399],[88.5097,26.3936],[88.5102,26.3904],[88.5156,26.3856],[88.5128,26.3782],[88.5157,26.372],[88.5222,26.3672],[88.5157,26.366],[88.5183,26.3622],[88.5185,26.3519],[88.5093,26.3527],[88.5054,26.3564],[88.5086,26.3616],[88.4968,26.359],[88.4883,26.3604],[88.4919,26.3515],[88.4884,26.3489],[88.4835,26.3497],[88.4773,26.354],[88.4777,26.3573],[88.4698,26.3583],[88.4632,26.3574],[88.4624,26.3608],[88.4573,26.3645],[88.46,26.3697],[88.4563,26.372],[88.4465,26.365],[88.4425,26.355],[88.4392,26.3502],[88.4355,26.3359],[88.4265,26.3364],[88.4245,26.3352],[88.4127,26.337],[88.4069,26.3323],[88.407,26.3237],[88.4165,26.3218],[88.4129,26.3163],[88.3983,26.3171],[88.3945,26.3151],[88.3887,26.3152],[88.3794,26.3096],[88.3731,26.3029],[88.3682,26.2995],[88.3638,26.3001],[88.3638,26.2941],[88.3591,26.2885],[88.3534,26.2869],[88.3494,26.2814],[88.3518,26.276],[88.3482,26.2685],[88.3519,26.2676],[88.3502,26.2618],[88.3496,26.2518],[88.3549,26.2454],[88.3592,26.2429],[88.3587,26.2398],[88.3543,26.2372],[88.3557,26.2325],[88.3512,26.2304],[88.3513,26.2218],[88.3478,26.222],[88.3333,26.216],[88.3311,26.2128],[88.3231,26.2103],[88.3243,26.2047],[88.3198,26.2029],[88.3084,26.2044],[88.3026,26.2007],[88.2919,26.1987],[88.2924,26.2023],[88.2791,26.1942],[88.2763,26.1886],[88.2641,26.1888],[88.2529,26.188],[88.2481,26.1904],[88.2332,26.1811],[88.2327,26.1722],[88.2261,26.1731],[88.2215,26.1663],[88.2169,26.1705],[88.2118,26.1672],[88.2126,26.1617],[88.2012,26.1593],[88.1989,26.1635],[88.191,26.1552],[88.1839,26.1536],[88.1819,26.1501],[88.1771,26.1481],[88.1763,26.1413],[88.1799,26.1399],[88.174,26.1305],[88.1741,26.1273],[88.1782,26.125],[88.1735,26.1192],[88.1726,26.1111],[88.1655,26.109],[88.1624,26.1055],[88.1633,26.1005],[88.1588,26.0973],[88.161,26.0909],[88.1649,26.0897],[88.1643,26.0857],[88.1596,26.0837],[88.1603,26.0779],[88.1676,26.0829],[88.1735,26.0757],[88.1823,26.0721],[88.1817,26.0671],[88.1855,26.0634],[88.1802,26.0583],[88.176,26.0581],[88.1776,26.049],[88.171,26.0487],[88.1695,26.0453],[88.1754,26.0398],[88.1711,26.0365],[88.1727,26.0316],[88.1825,26.0296],[88.1792,26.0226],[88.1734,26.0209],[88.1658,26.0214],[88.1607,26.0187],[88.1548,26.0201],[88.1501,26.0185],[88.1468,26.0144],[88.1396,26.013],[88.1442,26.0055],[88.1436,26.0005],[88.1402,25.997],[88.1357,26.0007],[88.1296,25.997],[88.1296,25.9855],[88.127,25.9803],[88.1278,25.9767],[88.1214,25.9747],[88.12,25.9695],[88.1237,25.966],[88.1186,25.9627],[88.1146,25.9579],[88.1179,25.956],[88.1223,25.9485],[88.1176,25.9437],[88.1129,25.9438],[88.1111,25.9332],[88.1022,25.9349],[88.098,25.9344],[88.091,25.9265],[88.0858,25.9157],[88.0936,25.9112],[88.0911,25.9066],[88.0903,25.8965],[88.0992,25.894],[88.1029,25.8893],[88.0983,25.8833],[88.0939,25.8744],[88.1,25.8732],[88.1048,25.8638],[88.1065,25.8688],[88.111,25.8641],[88.1097,25.8604],[88.1138,25.8546],[88.1089,25.8468],[88.1014,25.8435],[88.1071,25.8414],[88.1069,25.8341],[88.1011,25.8291],[88.1102,25.8209],[88.1085,25.8156],[88.1152,25.815],[88.1201,25.8126],[88.1154,25.8034],[88.1155,25.7983],[88.1249,25.7963],[88.1311,25.7981],[88.1442,25.7937],[88.1447,25.7877],[88.1416,25.7802],[88.147,25.7764],[88.1521,25.7758],[88.157,25.7795],[88.1593,25.7876],[88.1644,25.7895],[88.1724,25.7867],[88.1754,25.7932],[88.1803,25.7933],[88.181,25.7992],[88.185,25.801],[88.1934,25.8016],[88.1943,25.7981],[88.1993,25.7941],[88.1994,25.7901],[88.2071,25.7875],[88.2122,25.7923],[88.2149,25.8009],[88.2224,25.7976],[88.2283,25.7967],[88.2332,25.7982],[88.2305,25.8026],[88.2378,25.8084],[88.2445,25.8094],[88.249,25.8122],[88.2587,25.8113],[88.2596,25.8139],[88.2695,25.8082],[88.2709,25.805],[88.2718,25.7918],[88.2685,25.7808],[88.2737,25.7791],[88.2765,25.775],[88.2819,25.7757],[88.2907,25.7739],[88.289,25.7679],[88.2997,25.7644],[88.299,25.761],[88.3163,25.7532],[88.3151,25.7466],[88.3209,25.7376],[88.328,25.7402],[88.3375,25.7377],[88.3441,25.7295],[88.3506,25.7302],[88.3554,25.7273],[88.3567,25.7214],[88.3647,25.7199],[88.3651,25.7177],[88.3719,25.7156],[88.3746,25.7124],[88.372,25.7079],[88.3707,25.7],[88.3739,25.6975],[88.3821,25.6973],[88.3852,25.6945],[88.3915,25.6936],[88.3891,25.6876],[88.3901,25.6841],[88.4018,25.6861],[88.4051,25.6831],[88.4017,25.6727],[88.4153,25.6695],[88.4243,25.6705],[88.4544,25.6636],[88.4538,25.6571],[88.4556,25.655],[88.454,25.6447],[88.4559,25.644],[88.4549,25.6309],[88.4506,25.626],[88.4451,25.6138],[88.4479,25.6095],[88.4443,25.597],[88.457,25.599],[88.4594,25.5936],[88.4657,25.5919],[88.4647,25.5878],[88.4733,25.5846],[88.4836,25.5866],[88.4932,25.5843],[88.4999,25.5841],[88.4978,25.5701],[88.5009,25.5641],[88.5013,25.5589],[88.4975,25.5557],[88.5003,25.5509],[88.5098,25.5459],[88.5137,25.5476],[88.519,25.5452],[88.5187,25.5384],[88.5235,25.5353],[88.5277,25.5434],[88.5331,25.5422],[88.5344,25.5338],[88.5394,25.5348],[88.5405,25.5303],[88.5373,25.5211],[88.5404,25.52],[88.5399,25.5084],[88.5463,25.5084],[88.548,25.5182],[88.5549,25.521],[88.553,25.5154],[88.56,25.5126],[88.5776,25.5084],[88.5858,25.5105],[88.5908,25.5095],[88.5963,25.5062],[88.6027,25.516],[88.6091,25.5164],[88.6097,25.5099],[88.613,25.51],[88.6155,25.5054],[88.6197,25.5039],[88.6224,25.497],[88.6397,25.4996],[88.6447,25.4987],[88.6446,25.4903],[88.6463,25.4785],[88.653,25.4815],[88.6602,25.4818],[88.663,25.4738],[88.6693,25.4748],[88.6784,25.4741],[88.6845,25.4757],[88.6958,25.4734],[88.7004,25.4761],[88.7075,25.4771],[88.7103,25.4807],[88.708,25.4924],[88.7075,25.4999],[88.7212,25.4998],[88.7263,25.5034],[88.7421,25.5051],[88.7438,25.4969],[88.74,25.4894],[88.745,25.4889],[88.7486,25.4937],[88.7609,25.4934],[88.7689,25.499],[88.7708,25.5039],[88.7655,25.5048],[88.763,25.5086],[88.7591,25.5097],[88.7604,25.5186],[88.7592,25.524],[88.7616,25.526],[88.7674,25.5253],[88.7678,25.5219],[88.776,25.5165],[88.7806,25.5154],[88.7925,25.521],[88.7923,25.5228],[88.8033,25.5244],[88.8106,25.5232],[88.808,25.5128],[88.8101,25.5103],[88.8092,25.4993],[88.8137,25.488],[88.8296,25.4904],[88.8335,25.4796],[88.8373,25.4729],[88.8354,25.4654],[88.8393,25.4587],[88.8373,25.4523],[88.8285,25.4489],[88.8258,25.4408],[88.828,25.4366],[88.8329,25.4362],[88.8344,25.4275],[88.8298,25.4277],[88.8299,25.417],[88.8198,25.4155],[88.8124,25.4105],[88.8232,25.4096],[88.8237,25.4011],[88.8371,25.4019],[88.8379,25.3974],[88.8412,25.3935],[88.8369,25.3909],[88.8368,25.3846],[88.8384,25.3815],[88.8378,25.3681],[88.8401,25.3639],[88.8456,25.3622],[88.8548,25.3635],[88.8556,25.3543],[88.8625,25.3552],[88.8637,25.3518],[88.8689,25.3523],[88.8667,25.3428],[88.8757,25.3374],[88.8765,25.3333],[88.8838,25.3264],[88.8885,25.3262],[88.8857,25.3347],[88.8876,25.3372],[88.8983,25.3368],[88.9064,25.3379],[88.906,25.328],[88.9103,25.3234],[88.9151,25.3126],[88.9289,25.3125],[88.9294,25.3042],[88.9341,25.304],[88.9392,25.3008],[88.9499,25.3039],[88.9576,25.3009],[88.9655,25.3029],[88.9746,25.3017],[88.9759,25.3063],[88.9826,25.3032],[88.9925,25.2963],[89.0012,25.296],[89.0033,25.2995],[89.0093,25.2975],[89.007,25.2794],[89.0078,25.2677],[89.0214,25.2678],[89.0289,25.2766],[89.0383,25.2728],[89.0434,25.2688],[89.051,25.2655],[89.0573,25.2644],[89.0585,25.2617],[89.0645,25.2626],[89.0701,25.2698],[89.0802,25.2603],[89.0841,25.2518],[89.0905,25.2506],[89.0959,25.2411],[89.0989,25.2428],[89.1047,25.2413],[89.1167,25.2464],[89.1197,25.2515],[89.1295,25.2445],[89.1402,25.2467],[89.1412,25.2551],[89.1502,25.2563],[89.1513,25.254],[89.1593,25.2529],[89.1594,25.248],[89.1643,25.2456],[89.1675,25.2404],[89.1733,25.2399],[89.178,25.2369],[89.1871,25.2357],[89.1904,25.2407],[89.1956,25.24],[89.1964,25.2308],[89.2044,25.2282],[89.1982,25.2192],[89.1946,25.2169],[89.195,25.2083],[89.1925,25.2062],[89.1941,25.2001],[89.1912,25.192],[89.1839,25.1872],[89.1839,25.1845],[89.1916,25.1835],[89.1962,25.1808],[89.1956,25.176],[89.1978,25.1708],[89.2038,25.1701],[89.2041,25.1669],[89.2101,25.1677],[89.2196,25.156],[89.2229,25.155],[89.2176,25.1449],[89.2313,25.1444],[89.2375,25.1292],[89.2433,25.1227],[89.2494,25.1131],[89.2484,25.1073],[89.2516,25.0974],[89.2598,25.0969],[89.2678,25.0919],[89.2791,25.0877],[89.2832,25.0928],[89.283,25.0961],[89.2906,25.1091],[89.2951,25.1111],[89.2965,25.1156],[89.301,25.1184],[89.3178,25.116],[89.3222,25.122],[89.3274,25.1213],[89.3321,25.1229],[89.3345,25.1196],[89.335,25.1138],[89.34,25.11],[89.3364,25.1014],[89.3395,25.0974],[89.345,25.101],[89.3479,25.0956],[89.3522,25.0937],[89.3533,25.0891],[89.3598,25.0889],[89.3556,25.0812],[89.3561,25.0764],[89.3594,25.0714],[89.3602,25.0663],[89.3695,25.0663],[89.3812,25.06],[89.3843,25.0512],[89.3878,25.0505],[89.3911,25.0611],[89.3914,25.0665],[89.3948,25.0685],[89.4033,25.0678],[89.4008,25.0756],[89.4032,25.0788],[89.4096,25.0774],[89.4132,25.0831],[89.4166,25.0808],[89.4177,25.0761],[89.4227,25.0752],[89.4234,25.068],[89.4267,25.066],[89.4296,25.0733],[89.4414,25.0727],[89.4533,25.075],[89.4541,25.0709],[89.4506,25.066],[89.4494,25.0591],[89.4539,25.0564],[89.4536,25.0654],[89.4591,25.0614],[89.4651,25.0613],[89.4648,25.0576],[89.4721,25.055],[89.4734,25.0598],[89.4881,25.0616],[89.4908,25.0599],[89.4929,25.0507],[89.5003,25.0494],[89.5035,25.0448],[89.509,25.0439],[89.5151,25.0404],[89.5199,25.0402],[89.5261,25.0438],[89.5336,25.0402],[89.5399,25.0421],[89.5467,25.0395],[89.5576,25.0396],[89.5641,25.0379],[89.5721,25.0428],[89.5798,25.0432],[89.5956,25.0459],[89.6,25.0503],[89.6104,25.0509],[89.6345,25.0392],[89.641,25.039],[89.6413,25.0416],[89.6478,25.0467],[89.6559,25.05],[89.6553,25.0644],[89.6532,25.0684],[89.6531,25.078],[89.6494,25.0786],[89.6434,25.0832],[89.6404,25.089],[89.6444,25.0995],[89.6449,25.1061],[89.6498,25.1061],[89.6499,25.1199],[89.6481,25.1208],[89.6498,25.1316],[89.6529,25.1413],[89.6517,25.1435],[89.6594,25.1519],[89.663,25.1583],[89.672,25.1697],[89.675,25.1757],[89.6756,25.182],[89.6806,25.1911],[89.686,25.2043],[89.6959,25.2182],[89.7012,25.2322],[89.7126,25.2358],[89.7255,25.2342],[89.741,25.2337],[89.7479,25.2351],[89.7497,25.24],[89.7507,25.2507],[89.7491,25.2569],[89.7494,25.2711],[89.7532,25.2726],[89.7563,25.2809],[89.7526,25.2883],[89.7449,25.2987],[89.7414,25.3164],[89.7327,25.3379],[89.7316,25.344],[89.7231,25.3578],[89.7307,25.3617],[89.7445,25.3733],[89.7487,25.3791],[89.759,25.3796],[89.7718,25.3819],[89.7775,25.3845],[89.7803,25.388],[89.7842,25.4069],[89.7839,25.4134],[89.7784,25.4164],[89.7716,25.4153],[89.7743,25.4216],[89.7734,25.4265],[89.7676,25.4279],[89.7669,25.4327],[89.775,25.4304],[89.7867,25.4283],[89.7902,25.4243],[89.7993,25.4198],[89.8177,25.4149],[89.8256,25.4152]]],[[[89.5174,26.0265],[89.5116,26.0228],[89.515,26.0157],[89.5213,26.0224],[89.5174,26.0265]]],[[[89.5647,26.0607],[89.5597,26.062],[89.5552,26.0656],[89.5516,26.0631],[89.5524,26.0572],[89.5584,26.0501],[89.571,26.0523],[89.5738,26.0588],[89.5724,26.0631],[89.5647,26.0607]]],[[[89.5018,26.0699],[89.4981,26.0672],[89.505,26.0583],[89.511,26.0574],[89.5142,26.0609],[89.5138,26.066],[89.5018,26.0699]]],[[[89.6206,26.0683],[89.6188,26.0748],[89.6159,26.0776],[89.6116,26.0721],[89.6139,26.0674],[89.6206,26.0683]]],[[[89.4022,26.0935],[89.3942,26.0873],[89.3963,26.0831],[89.4019,26.0827],[89.4161,26.0769],[89.4183,26.0802],[89.4199,26.0887],[89.4022,26.0935]]],[[[89.4232,26.1062],[89.4173,26.106],[89.4144,26.0994],[89.4208,26.0987],[89.4255,26.1009],[89.4232,26.1062]]],[[[89.6039,26.1925],[89.5931,26.1918],[89.5895,26.1884],[89.5868,26.1785],[89.589,26.1758],[89.6071,26.1761],[89.6032,26.1811],[89.606,26.1842],[89.6039,26.1925]]],[[[89.6219,26.2004],[89.6137,26.1969],[89.6179,26.1942],[89.6219,26.2004]]],[[[89.598,26.1971],[89.5944,26.2027],[89.5915,26.2009],[89.5916,26.1945],[89.5986,26.1934],[89.598,26.1971]]],[[[89.0125,26.2658],[89.0091,26.2675],[88.9997,26.2609],[88.9989,26.253],[89.0057,26.2499],[89.0078,26.257],[89.0113,26.2584],[89.0125,26.2658]]],[[[89.142,26.2695],[89.1403,26.2708],[89.1334,26.2625],[89.1353,26.2548],[89.1377,26.2514],[89.1449,26.2485],[89.1471,26.2393],[89.1541,26.2368],[89.1565,26.2383],[89.1566,26.2501],[89.1603,26.2463],[89.1631,26.239],[89.1705,26.2399],[89.1698,26.2446],[89.1663,26.2512],[89.1706,26.2554],[89.1703,26.2638],[89.1635,26.267],[89.153,26.2655],[89.1499,26.2562],[89.1401,26.2552],[89.1399,26.2621],[89.1454,26.2615],[89.1469,26.2655],[89.142,26.2695]]],[[[89.0277,26.2733],[89.023,26.2718],[89.0242,26.2657],[89.0271,26.2653],[89.0288,26.2572],[89.0348,26.2579],[89.0368,26.2643],[89.0333,26.2694],[89.0277,26.2733]]],[[[89.0004,26.2775],[89.0031,26.2814],[88.999,26.2839],[88.9929,26.2801],[88.9957,26.2772],[89.0004,26.2775]]],[[[89.1149,26.2849],[89.1127,26.2799],[89.1167,26.2783],[89.1188,26.282],[89.1149,26.2849]]],[[[88.9278,26.3355],[88.9213,26.3355],[88.9233,26.3267],[88.9181,26.3257],[88.9237,26.3182],[88.9232,26.3152],[88.9307,26.3074],[88.9306,26.3041],[88.9246,26.3001],[88.9236,26.2961],[88.928,26.2919],[88.933,26.2923],[88.9418,26.2868],[88.9504,26.2769],[88.9545,26.2747],[88.961,26.277],[88.9695,26.2777],[88.9733,26.2793],[88.9752,26.2841],[88.9815,26.2831],[88.9848,26.2967],[88.9796,26.3012],[88.9758,26.2954],[88.9678,26.2963],[88.9608,26.295],[88.9624,26.3054],[88.9563,26.3049],[88.9519,26.3164],[88.949,26.3185],[88.9376,26.313],[88.9355,26.3213],[88.9422,26.3232],[88.9417,26.3309],[88.9384,26.335],[88.9278,26.3318],[88.9278,26.3355]]]]},"properties":{"division":"Rangpur"}},
{"type":"Feature","geometry":{"type":"Polygon","coordinates":[[[91.3031,23.9971],[91.3149,23.9906],[91.3236,23.9946],[91.3268,23.9917],[91.3337,23.9908],[91.3412,23.9821],[91.3472,23.9843],[91.3527,23.9822],[91.3616,23.9864],[91.3627,23.9833],[91.3736,23.9754],[91.3795,23.9755],[91.3773,23.983],[91.3781,23.9932],[91.374,24.0008],[91.3742,24.0045],[91.3908,24.0259],[91.3907,24.0279],[91.3964,24.0425],[91.3965,24.0498],[91.3771,24.08],[91.3743,24.1061],[91.3795,24.108],[91.3871,24.1074],[91.398,24.1096],[91.4144,24.1097],[91.4278,24.1068],[91.4308,24.1001],[91.4372,24.1029],[91.4409,24.1024],[91.4421,24.0974],[91.4483,24.1009],[91.4548,24.0967],[91.4761,24.1005],[91.4879,24.0956],[91.4949,24.0956],[91.4924,24.091],[91.4976,24.0874],[91.5086,24.0866],[91.5417,24.0761],[91.5452,24.0743],[91.5573,24.077],[91.5726,24.075],[91.5744,24.0801],[91.5823,24.0736],[91.5911,24.075],[91.594,24.083],[91.5984,24.0868],[91.593,24.0893],[91.5992,24.0972],[91.6054,24.0935],[91.6138,24.0929],[91.6197,24.0968],[91.625,24.0981],[91.6384,24.1046],[91.6411,24.1132],[91.6384,24.1297],[91.6344,24.1382],[91.6465,24.1568],[91.6442,24.1707],[91.6467,24.1788],[91.655,24.1758],[91.6575,24.1797],[91.6587,24.183],[91.6584,24.195],[91.654,24.2001],[91.6525,24.2069],[91.6493,24.2124],[91.6477,24.2186],[91.653,24.2205],[91.6579,24.2279],[91.6653,24.2337],[91.6677,24.2292],[91.6664,24.2197],[91.6666,24.2123],[91.6767,24.2004],[91.6757,24.1983],[91.6796,24.1933],[91.6808,24.1841],[91.6799,24.1792],[91.6848,24.1659],[91.6882,24.1623],[91.6949,24.1597],[91.7021,24.164],[91.7077,24.1549],[91.7167,24.1521],[91.721,24.1527],[91.7283,24.1434],[91.734,24.1439],[91.7394,24.1417],[91.7597,24.1423],[91.745,24.2471],[91.7865,24.2232],[91.789,24.2211],[91.8023,24.2195],[91.8062,24.2208],[91.8104,24.2172],[91.8167,24.2105],[91.8207,24.2094],[91.8289,24.2142],[91.8315,24.218],[91.8362,24.218],[91.8377,24.2256],[91.8432,24.2233],[91.8517,24.2133],[91.8496,24.2118],[91.8489,24.2036],[91.8437,24.2003],[91.8462,24.1953],[91.8482,24.1849],[91.851,24.182],[91.8611,24.1829],[91.8664,24.1772],[91.8703,24.1766],[91.8754,24.1714],[91.8737,24.169],[91.8743,24.1626],[91.8784,24.1518],[91.8785,24.1468],[91.8835,24.1433],[91.8846,24.1388],[91.8902,24.1367],[91.8978,24.1396],[91.9021,24.137],[91.9057,24.1388],[91.9058,24.1445],[91.9097,24.1465],[91.9138,24.1562],[91.9113,24.1683],[91.9407,24.2682],[91.9199,24.3376],[91.9259,24.3367],[91.9283,24.3397],[91.9403,24.3431],[91.9435,24.349],[91.9508,24.3515],[91.9577,24.3562],[91.9622,24.3533],[91.9698,24.3445],[91.9732,24.3334],[91.977,24.3276],[91.9813,24.328],[91.9833,24.3232],[91.9901,24.324],[91.9959,24.3222],[91.9949,24.3316],[91.9968,24.3369],[91.992,24.3435],[91.9781,24.3578],[91.9843,24.3596],[91.9781,24.367],[91.97,24.3746],[91.9728,24.3777],[91.9674,24.3816],[91.9704,24.3847],[91.9816,24.3812],[91.9847,24.3767],[91.9882,24.3791],[91.9889,24.385],[91.9957,24.3921],[91.9992,24.3924],[92.01,24.3819],[92.0176,24.3847],[92.0237,24.3856],[92.0267,24.38],[92.0344,24.3791],[92.045,24.3752],[92.0494,24.3756],[92.0855,24.3752],[92.0903,24.372],[92.0969,24.3736],[92.1074,24.3821],[92.1095,24.3804],[92.1161,24.3809],[92.1229,24.3842],[92.1193,24.3885],[92.1225,24.3961],[92.1251,24.3963],[92.1318,24.4071],[92.1332,24.4171],[92.1366,24.4202],[92.1367,24.4251],[92.1469,24.4214],[92.1528,24.4248],[92.163,24.4192],[92.1678,24.4253],[92.1662,24.4281],[92.1672,24.4349],[92.1637,24.437],[92.1642,24.445],[92.1595,24.4537],[92.1612,24.4564],[92.1556,24.4712],[92.1559,24.4774],[92.1526,24.4816],[92.1538,24.4847],[92.1517,24.4899],[92.1522,24.5023],[92.1565,24.5047],[92.158,24.5086],[92.1549,24.5106],[92.158,24.5155],[92.1554,24.518],[92.1601,24.5255],[92.1656,24.5315],[92.1694,24.5319],[92.1758,24.5238],[92.1821,24.524],[92.1878,24.5213],[92.2017,24.5075],[92.2125,24.5038],[92.2145,24.5056],[92.2199,24.5164],[92.2234,24.5173],[92.2293,24.5295],[92.2308,24.5302],[92.2323,24.5711],[92.2346,24.5754],[92.2334,24.5819],[92.2391,24.6076],[92.2422,24.6115],[92.2443,24.6204],[92.2434,24.6256],[92.2489,24.641],[92.2498,24.6492],[92.247,24.6549],[92.2515,24.6601],[92.257,24.6736],[92.2543,24.6782],[92.2593,24.6813],[92.2584,24.6853],[92.2615,24.6902],[92.2649,24.6908],[92.2713,24.7017],[92.2761,24.7076],[92.2786,24.7135],[92.2871,24.7227],[92.2959,24.7366],[92.2812,24.7424],[92.2797,24.7483],[92.2867,24.7565],[92.2889,24.7612],[92.2802,24.7663],[92.283,24.7709],[92.2829,24.7756],[92.2863,24.777],[92.2888,24.7846],[92.2884,24.7883],[92.281,24.7907],[92.2788,24.7975],[92.2735,24.7993],[92.2762,24.8156],[92.2727,24.8218],[92.2719,24.8281],[92.2692,24.83],[92.2603,24.8304],[92.2529,24.8323],[92.2512,24.8395],[92.2424,24.8406],[92.2397,24.8578],[92.2358,24.8591],[92.2352,24.8639],[92.2388,24.8685],[92.2447,24.8671],[92.2467,24.8721],[92.2471,24.8877],[92.2365,24.8921],[92.2347,24.9039],[92.2475,24.9095],[92.2582,24.9071],[92.2633,24.9075],[92.271,24.9051],[92.2838,24.9065],[92.2868,24.9121],[92.2944,24.9157],[92.3031,24.9143],[92.3067,24.9105],[92.3072,24.9017],[92.315,24.8959],[92.3237,24.8971],[92.3264,24.896],[92.3282,24.8898],[92.3383,24.8794],[92.3447,24.8808],[92.3446,24.8919],[92.3487,24.8923],[92.3537,24.882],[92.3596,24.88],[92.3632,24.8726],[92.3736,24.8749],[92.3762,24.8734],[92.3777,24.8654],[92.3835,24.8601],[92.3851,24.8541],[92.3905,24.8516],[92.4002,24.8497],[92.4022,24.8505],[92.4041,24.8577],[92.4072,24.8601],[92.4176,24.8581],[92.425,24.8541],[92.4364,24.8572],[92.4408,24.8626],[92.441,24.8692],[92.4452,24.8731],[92.4614,24.8743],[92.4766,24.8688],[92.4791,24.8725],[92.4878,24.8714],[92.4919,24.878],[92.4917,24.8933],[92.4967,24.9022],[92.4928,24.9062],[92.4947,24.9153],[92.4883,24.9201],[92.4839,24.9286],[92.484,24.9336],[92.4879,24.9448],[92.4834,24.9473],[92.4783,24.9429],[92.4642,24.9415],[92.453,24.9387],[92.4489,24.9391],[92.4482,24.9473],[92.455,24.9547],[92.4661,24.9572],[92.4678,24.9635],[92.4618,24.9688],[92.4574,24.9707],[92.4516,24.9667],[92.4462,24.9658],[92.4386,24.9664],[92.4236,24.9649],[92.4194,24.9676],[92.4216,24.98],[92.4212,24.9902],[92.4165,24.9919],[92.4224,25.0049],[92.4259,25.0202],[92.4258,25.0288],[92.4214,25.0279],[92.4169,25.0304],[92.4129,25.0288],[92.405,25.0327],[92.3985,25.0331],[92.3927,25.0399],[92.3847,25.041],[92.3794,25.0396],[92.3768,25.0425],[92.3698,25.0419],[92.3648,25.0491],[92.3612,25.0471],[92.3545,25.0492],[92.3418,25.0489],[92.3381,25.0516],[92.3444,25.0558],[92.349,25.0613],[92.3477,25.0683],[92.3485,25.0728],[92.3381,25.0759],[92.3328,25.079],[92.3288,25.0776],[92.3221,25.0783],[92.3188,25.0738],[92.311,25.0693],[92.2995,25.0718],[92.2852,25.0773],[92.2782,25.0777],[92.2691,25.0825],[92.2548,25.0856],[92.2306,25.0968],[92.2264,25.0957],[92.223,25.0983],[92.2232,25.1032],[92.2069,25.1088],[92.2036,25.1066],[92.1961,25.1082],[92.2003,25.1201],[92.2063,25.1196],[92.213,25.1211],[92.1987,25.1258],[92.1948,25.1286],[92.1914,25.1354],[92.188,25.1336],[92.1882,25.1273],[92.1838,25.1182],[92.18,25.1215],[92.179,25.1261],[92.1709,25.1287],[92.1641,25.1255],[92.1587,25.1331],[92.142,25.1362],[92.1361,25.1398],[92.1338,25.1485],[92.1361,25.1525],[92.1327,25.1565],[92.1328,25.1603],[92.1211,25.1637],[92.1181,25.1666],[92.1089,25.1705],[92.1044,25.1747],[92.0922,25.1777],[92.0832,25.1824],[92.0788,25.1811],[92.0738,25.1851],[92.0671,25.1853],[92.0618,25.1871],[92.0585,25.1856],[92.0493,25.1871],[92.0405,25.1865],[92.0373,25.1821],[92.0278,25.1835],[92.0261,25.1793],[92.0184,25.1828],[92.0169,25.1862],[92.0034,25.1862],[91.9985,25.1841],[91.988,25.1746],[91.9805,25.1718],[91.9701,25.1759],[91.9573,25.1776],[91.9471,25.1772],[91.9374,25.1787],[91.9328,25.1806],[91.9259,25.1801],[91.9131,25.1813],[91.9073,25.1794],[91.8984,25.1802],[91.8923,25.1761],[91.8844,25.1772],[91.8806,25.173],[91.8761,25.1757],[91.8708,25.1744],[91.8643,25.1754],[91.8614,25.1726],[91.8497,25.1733],[91.8431,25.1764],[91.8326,25.1781],[91.823,25.1769],[91.8176,25.1713],[91.8041,25.1719],[91.8064,25.1684],[91.7972,25.1689],[91.7803,25.166],[91.7757,25.1633],[91.7662,25.1676],[91.7585,25.1685],[91.7536,25.177],[91.7472,25.1741],[91.7446,25.1682],[91.7492,25.1608],[91.7486,25.1563],[91.7436,25.1511],[91.7424,25.1445],[91.7364,25.1437],[91.7354,25.1498],[91.7165,25.1524],[91.7144,25.1576],[91.7035,25.16],[91.7006,25.1555],[91.7034,25.1494],[91.6943,25.1455],[91.6923,25.1377],[91.6863,25.1376],[91.6806,25.1351],[91.6757,25.1379],[91.6699,25.138],[91.6639,25.1352],[91.6649,25.1286],[91.6594,25.1275],[91.6571,25.132],[91.6527,25.1313],[91.652,25.1279],[91.6454,25.1273],[91.642,25.1232],[91.6379,25.1227],[91.6269,25.1255],[91.6226,25.1289],[91.6227,25.1384],[91.6214,25.1435],[91.611,25.1464],[91.6074,25.1451],[91.6037,25.1403],[91.5994,25.1513],[91.6026,25.155],[91.6022,25.1624],[91.604,25.1676],[91.607,25.1693],[91.6154,25.1698],[91.6151,25.1749],[91.6094,25.1771],[91.6061,25.1741],[91.5912,25.1742],[91.5897,25.172],[91.577,25.1721],[91.5717,25.1662],[91.574,25.1598],[91.5669,25.1594],[91.563,25.1608],[91.5578,25.1551],[91.5559,25.1498],[91.5264,25.1446],[91.5169,25.1479],[91.5095,25.1476],[91.5018,25.1439],[91.5001,25.1358],[91.4892,25.1352],[91.4797,25.137],[91.4782,25.1341],[91.4664,25.1344],[91.4692,25.1397],[91.4669,25.1439],[91.4685,25.1519],[91.4614,25.1514],[91.4571,25.1484],[91.453,25.1527],[91.4495,25.1493],[91.4405,25.1498],[91.4329,25.1568],[91.4251,25.157],[91.4146,25.1712],[91.4108,25.1638],[91.4067,25.1662],[91.399,25.165],[91.389,25.1675],[91.3844,25.1699],[91.3761,25.1681],[91.3677,25.1713],[91.3644,25.178],[91.3611,25.178],[91.3537,25.1713],[91.3515,25.1759],[91.3472,25.1743],[91.3371,25.1737],[91.3313,25.1776],[91.3264,25.1766],[91.3238,25.1812],[91.3177,25.1838],[91.3089,25.184],[91.3044,25.1827],[91.3001,25.1844],[91.2924,25.1839],[91.2884,25.1866],[91.2886,25.1902],[91.2921,25.1934],[91.2761,25.1992],[91.2679,25.2074],[91.2602,25.2052],[91.2597,25.2011],[91.2473,25.1979],[91.2367,25.1971],[91.2332,25.1992],[91.2299,25.1971],[91.2244,25.2003],[91.2005,25.2011],[91.1946,25.2019],[91.1799,25.1982],[91.1644,25.196],[91.1502,25.1971],[91.1389,25.1964],[91.1356,25.1949],[91.1252,25.1941],[91.1081,25.195],[91.1005,25.1965],[91.0806,25.1969],[91.0696,25.1985],[91.0718,25.1935],[91.0629,25.1913],[91.0551,25.1926],[91.0499,25.1899],[91.0385,25.1865],[91.0303,25.1852],[91.019,25.1871],[91.0187,25.1839],[91.0122,25.1831],[91.0054,25.1802],[90.9991,25.1794],[90.9849,25.1752],[90.9773,25.1741],[90.973,25.1752],[90.9648,25.1719],[90.9623,25.1674],[90.9703,25.1606],[90.9664,25.1583],[90.958,25.1486],[90.9523,25.1494],[90.9492,25.1379],[90.9531,25.1356],[90.9522,25.1322],[90.9558,25.1292],[90.9545,25.125],[90.9559,25.1195],[90.9476,25.1134],[90.954,25.1055],[90.9653,25.0972],[90.9708,25.0957],[90.9691,25.09],[90.9704,25.0794],[90.9747,25.0743],[90.9708,25.0708],[90.9662,25.0702],[90.9631,25.0729],[90.9566,25.0704],[90.9511,25.0738],[90.945,25.0813],[90.94,25.079],[90.9342,25.0809],[90.9278,25.0779],[90.9324,25.0741],[90.9357,25.0657],[90.9296,25.064],[90.9295,25.058],[90.9322,25.053],[90.9326,25.0453],[90.9389,25.0458],[90.9456,25.0432],[90.9489,25.0451],[90.9523,25.0417],[90.965,25.0347],[90.9576,25.032],[90.9522,25.0342],[90.9437,25.0292],[90.9377,25.0277],[90.934,25.0199],[90.9363,25.0091],[90.9421,25.0043],[90.9473,25.0049],[90.946,24.9979],[90.9428,24.9932],[90.9412,24.9847],[90.9452,24.9824],[90.9437,24.9759],[90.9479,24.975],[90.9481,24.9713],[90.9544,24.971],[90.9601,24.9727],[90.964,24.9696],[90.9673,24.9621],[90.9726,24.9599],[90.9709,24.9489],[90.9653,24.9459],[90.9635,24.942],[90.9551,24.9398],[90.955,24.9295],[90.9568,24.9251],[90.9534,24.9189],[90.9579,24.9145],[90.964,24.9115],[90.9685,24.916],[90.9801,24.9172],[90.9898,24.9135],[90.9929,24.9141],[90.9965,24.9085],[90.9961,24.9022],[90.9983,24.897],[90.9981,24.8921],[91.005,24.8927],[91.0158,24.8983],[91.0155,24.8889],[91.0201,24.8851],[91.0237,24.8881],[91.0302,24.8843],[91.0314,24.892],[91.0392,24.8995],[91.0383,24.9036],[91.042,24.9077],[91.0456,24.908],[91.0514,24.9022],[91.06,24.9033],[91.0657,24.9025],[91.0673,24.8991],[91.0752,24.9012],[91.0888,24.8876],[91.0956,24.8875],[91.1037,24.8799],[91.1089,24.8714],[91.1039,24.8693],[91.1035,24.8637],[91.1086,24.8609],[91.1104,24.853],[91.1138,24.8475],[91.1262,24.8439],[91.1302,24.8398],[91.1207,24.8376],[91.1177,24.8322],[91.1158,24.8226],[91.1125,24.8174],[91.1156,24.813],[91.1167,24.806],[91.13,24.7992],[91.1288,24.7949],[91.1324,24.7926],[91.1446,24.7946],[91.1422,24.7997],[91.1498,24.8093],[91.1528,24.8106],[91.149,24.821],[91.1427,24.8254],[91.1441,24.8286],[91.1512,24.8331],[91.153,24.8375],[91.1591,24.8329],[91.1638,24.8335],[91.1646,24.8291],[91.1707,24.827],[91.1725,24.813],[91.17,24.8057],[91.165,24.8027],[91.1608,24.7932],[91.168,24.7919],[91.1703,24.7892],[91.1712,24.7799],[91.1669,24.7784],[91.1647,24.7734],[91.1591,24.7707],[91.1583,24.7647],[91.1514,24.7663],[91.1461,24.7623],[91.1352,24.7572],[91.1377,24.7544],[91.1499,24.754],[91.1497,24.7488],[91.1532,24.7471],[91.1572,24.7505],[91.1595,24.7472],[91.1576,24.7416],[91.1541,24.7415],[91.1508,24.7469],[91.1476,24.7471],[91.1465,24.741],[91.1515,24.7352],[91.1513,24.7295],[91.1478,24.7247],[91.1597,24.7237],[91.1601,24.7171],[91.1637,24.7173],[91.1656,24.7224],[91.1721,24.7256],[91.1815,24.7236],[91.1868,24.7187],[91.1977,24.711],[91.2001,24.714],[91.2051,24.7097],[91.2066,24.7139],[91.2124,24.7131],[91.2204,24.7203],[91.2194,24.7238],[91.2221,24.7282],[91.2293,24.7237],[91.2268,24.7164],[91.2267,24.7072],[91.2222,24.6995],[91.2309,24.6929],[91.2409,24.6921],[91.2403,24.6828],[91.2418,24.6795],[91.2388,24.6752],[91.2334,24.6723],[91.2242,24.6755],[91.2225,24.6694],[91.2327,24.6664],[91.23,24.6547],[91.2262,24.6512],[91.2204,24.6532],[91.2103,24.6527],[91.2084,24.651],[91.2053,24.6333],[91.1986,24.6342],[91.1952,24.6311],[91.192,24.626],[91.182,24.6299],[91.1805,24.624],[91.1773,24.6196],[91.1791,24.6163],[91.1922,24.613],[91.2,24.6094],[91.1995,24.6037],[91.2037,24.5962],[91.2038,24.5933],[91.1977,24.5913],[91.1993,24.586],[91.203,24.5877],[91.2058,24.5772],[91.2115,24.578],[91.2208,24.5742],[91.226,24.5752],[91.2339,24.5688],[91.2309,24.5646],[91.2257,24.5531],[91.2224,24.5412],[91.2132,24.5234],[91.202,24.513],[91.191,24.5008],[91.1829,24.4949],[91.1796,24.4941],[91.1758,24.5001],[91.1693,24.5007],[91.1655,24.498],[91.1525,24.4849],[91.1501,24.4791],[91.1567,24.4784],[91.1598,24.4824],[91.165,24.4851],[91.1916,24.4817],[91.1841,24.4714],[91.1874,24.4704],[91.1903,24.4657],[91.199,24.4666],[91.1998,24.4741],[91.2053,24.4809],[91.2142,24.4758],[91.2195,24.4763],[91.2147,24.4822],[91.2209,24.485],[91.228,24.4806],[91.2325,24.4731],[91.2371,24.4604],[91.2379,24.4415],[91.242,24.4269],[91.2393,24.4261],[91.23,24.4331],[91.2234,24.4346],[91.2171,24.4325],[91.2199,24.4195],[91.2152,24.4089],[91.2213,24.4094],[91.2282,24.4058],[91.2309,24.4079],[91.2372,24.4069],[91.2431,24.3989],[91.242,24.3944],[91.2545,24.3825],[91.2556,24.3791],[91.2512,24.3761],[91.2444,24.3792],[91.2412,24.3785],[91.2373,24.3713],[91.2302,24.3659],[91.2236,24.3672],[91.2137,24.3635],[91.2148,24.358],[91.2288,24.3415],[91.2341,24.3335],[91.2371,24.3244],[91.2373,24.3197],[91.2338,24.3154],[91.2123,24.3178],[91.1966,24.3219],[91.1793,24.3218],[91.175,24.3202],[91.1702,24.3151],[91.1652,24.3031],[91.1598,24.2933],[91.159,24.284],[91.168,24.2855],[91.1846,24.2927],[91.196,24.2932],[91.1964,24.2889],[91.1933,24.2802],[91.1847,24.2725],[91.1736,24.2652],[91.1798,24.2558],[91.1865,24.2481],[91.1916,24.2452],[91.1949,24.2398],[91.1984,24.2405],[91.2068,24.2368],[91.2099,24.2394],[91.2155,24.2366],[91.2203,24.2381],[91.23,24.2351],[91.2463,24.2331],[91.2496,24.2295],[91.2591,24.2281],[91.2657,24.2252],[91.2713,24.2251],[91.2816,24.2269],[91.2863,24.2295],[91.2809,24.2328],[91.2842,24.2409],[91.2843,24.246],[91.2918,24.2558],[91.293,24.2595],[91.2969,24.26],[91.3017,24.2664],[91.3069,24.2679],[91.3146,24.2652],[91.321,24.2644],[91.3252,24.2604],[91.3257,24.2499],[91.3288,24.2496],[91.3284,24.2427],[91.3235,24.2344],[91.3199,24.2311],[91.3145,24.2308],[91.3146,24.2273],[91.3087,24.2279],[91.3071,24.2213],[91.303,24.2202],[91.2985,24.223],[91.2981,24.2137],[91.2921,24.2138],[91.2897,24.2187],[91.2837,24.2175],[91.2847,24.2102],[91.2775,24.2037],[91.2781,24.1996],[91.284,24.1956],[91.2885,24.1958],[91.2972,24.2031],[91.3051,24.1998],[91.3071,24.2036],[91.3128,24.2031],[91.3148,24.1927],[91.3132,24.1833],[91.3092,24.1904],[91.3013,24.1895],[91.298,24.1859],[91.2847,24.186],[91.2841,24.1807],[91.2773,24.1816],[91.2754,24.1687],[91.2752,24.1565],[91.267,24.1581],[91.2683,24.149],[91.2617,24.1462],[91.2636,24.1401],[91.2718,24.1406],[91.2716,24.1237],[91.2862,24.1214],[91.2913,24.1189],[91.2895,24.1151],[91.2842,24.1172],[91.2842,24.1114],[91.2708,24.1125],[91.2686,24.0994],[91.2691,24.095],[91.275,24.094],[91.2794,24.0889],[91.2814,24.0932],[91.2874,24.0942],[91.2931,24.0932],[91.2923,24.0861],[91.289,24.086],[91.2884,24.0778],[91.2844,24.074],[91.2841,24.0638],[91.2858,24.0607],[91.2918,24.061],[91.3008,24.0585],[91.3041,24.0563],[91.3034,24.0453],[91.3116,24.0393],[91.3104,24.0266],[91.3079,24.0177],[91.305,24.0135],[91.3012,24.013],[91.2978,24.0066],[91.2955,24.0056],[91.2965,23.9982],[91.3031,23.9971]]]},"properties":{"division":"Sylhet"}},
{"type":"Feature","geometry":{"type":"MultiPolygon","coordinates":[[[[90.4898,23.0225],[90.4777,23.0163],[90.4751,23.0116],[90.4757,23.0076],[90.4847,23.0136],[90.4892,23.014],[90.4898,23.0225]]],[[[90.4985,23.069],[90.4992,23.0769],[90.5031,23.0885],[90.5111,23.1],[90.523,23.1113],[90.5454,23.1259],[90.5563,23.1352],[90.5602,23.1427],[90.5717,23.1524],[90.578,23.1619],[90.5859,23.1779],[90.5881,23.1799],[90.5934,23.1912],[90.6029,23.2052],[90.6078,23.2135],[90.6022,23.2241],[90.6012,23.2268],[90.5965,23.2301],[90.5974,23.2315],[90.5981,23.2325],[90.5855,23.2419],[90.575,23.2532],[90.5653,23.2606],[90.5456,23.2835],[90.5407,23.2827],[90.5331,23.286],[90.5263,23.2936],[90.5215,23.2956],[90.5104,23.298],[90.5021,23.3019],[90.5042,23.3159],[90.4981,23.321],[90.4976,23.3249],[90.5032,23.3268],[90.5088,23.3253],[90.5114,23.3285],[90.5253,23.3261],[90.5245,23.3342],[90.5374,23.3391],[90.5461,23.3369],[90.5594,23.338],[90.5721,23.3362],[90.5907,23.3359],[90.5835,23.3503],[90.5761,23.358],[90.5616,23.363],[90.5468,23.3674],[90.5387,23.3791],[90.539,23.3912],[90.5415,23.3982],[90.5458,23.4063],[90.5498,23.4104],[90.5537,23.4174],[90.5634,23.4298],[90.5703,23.4369],[90.5746,23.4436],[90.5778,23.4521],[90.5787,23.4602],[90.5776,23.4706],[90.5817,23.4715],[90.5843,23.4802],[90.583,23.4844],[90.5772,23.4851],[90.5761,23.4957],[90.5817,23.4964],[90.589,23.4945],[90.5957,23.4976],[90.6014,23.4981],[90.6047,23.4934],[90.613,23.4904],[90.6235,23.4928],[90.6319,23.502],[90.6417,23.5037],[90.647,23.5023],[90.6622,23.4938],[90.671,23.4907],[90.6824,23.4896],[90.6879,23.4928],[90.7009,23.4984],[90.7073,23.5027],[90.7107,23.5078],[90.7111,23.515],[90.7082,23.5193],[90.7005,23.5252],[90.6967,23.5337],[90.6898,23.5463],[90.6873,23.5574],[90.6767,23.5667],[90.6674,23.5718],[90.6543,23.5727],[90.647,23.5761],[90.6458,23.5833],[90.6465,23.5883],[90.6535,23.5908],[90.6666,23.5889],[90.6658,23.5969],[90.6591,23.6081],[90.6579,23.6129],[90.6531,23.6204],[90.6431,23.6174],[90.6363,23.6177],[90.63,23.6208],[90.6327,23.6274],[90.6381,23.6498],[90.6379,23.6692],[90.6401,23.6747],[90.6436,23.675],[90.6571,23.6717],[90.6653,23.6735],[90.668,23.6777],[90.6749,23.6801],[90.6807,23.6784],[90.6983,23.6659],[90.708,23.6625],[90.7216,23.6617],[90.7302,23.6645],[90.7384,23.6809],[90.7411,23.6926],[90.7411,23.6974],[90.7386,23.7027],[90.7289,23.7124],[90.7246,23.719],[90.7225,23.7256],[90.7215,23.7372],[90.7238,23.7467],[90.7407,23.7716],[90.7586,23.7903],[90.7658,23.8019],[90.7675,23.8089],[90.768,23.8202],[90.7642,23.8336],[90.7608,23.842],[90.7595,23.85],[90.7622,23.8601],[90.7667,23.8642],[90.7811,23.8659],[90.8126,23.8648],[90.8336,23.8633],[90.84,23.87],[90.8581,23.879],[90.8744,23.8733],[90.8908,23.8645],[90.8983,23.8627],[90.9088,23.8676],[90.914,23.8735],[90.9202,23.8829],[90.9252,23.8989],[90.9301,23.9099],[90.939,23.9193],[90.9484,23.924],[90.9512,23.9285],[90.9531,23.9539],[90.9609,23.9633],[90.9715,23.9675],[90.973,23.9699],[90.9743,23.9807],[90.9738,23.9885],[90.971,23.9968],[90.9675,23.9986],[90.9662,24.0062],[90.9706,24.0117],[90.9752,24.0212],[90.9893,24.0334],[90.9979,24.0426],[91.0085,24.0499],[91.0182,24.0526],[91.0301,24.0604],[91.0379,24.0632],[91.0416,24.0659],[91.0513,24.0791],[91.0531,24.0832],[91.0537,24.0929],[91.0498,24.1021],[91.0442,24.1099],[91.0335,24.1183],[91.026,24.1221],[91.0095,24.1288],[90.997,24.1384],[90.9851,24.1526],[90.9867,24.1577],[90.9919,24.1647],[91.0087,24.1738],[91.0245,24.1893],[91.029,24.1953],[91.0378,24.2102],[91.0472,24.2143],[91.0654,24.216],[91.0772,24.2147],[91.0867,24.2115],[91.0913,24.2127],[91.0903,24.2193],[91.0791,24.2273],[91.081,24.2369],[91.0851,24.2411],[91.0892,24.2421],[91.103,24.2424],[91.107,24.2411],[91.1199,24.2425],[91.1311,24.2426],[91.1462,24.2476],[91.15,24.2508],[91.1536,24.2566],[91.162,24.259],[91.1736,24.2652],[91.1847,24.2725],[91.1933,24.2802],[91.1964,24.2889],[91.196,24.2932],[91.1846,24.2927],[91.168,24.2855],[91.159,24.284],[91.1598,24.2933],[91.1652,24.3031],[91.1702,24.3151],[91.175,24.3202],[91.1793,24.3218],[91.1966,24.3219],[91.2123,24.3178],[91.2338,24.3154],[91.2373,24.3197],[91.2371,24.3244],[91.2341,24.3335],[91.2288,24.3415],[91.2148,24.358],[91.2137,24.3635],[91.2236,24.3672],[91.2302,24.3659],[91.2373,24.3713],[91.2412,24.3785],[91.2444,24.3792],[91.2512,24.3761],[91.2556,24.3791],[91.2545,24.3825],[91.242,24.3944],[91.2431,24.3989],[91.2372,24.4069],[91.2309,24.4079],[91.2282,24.4058],[91.2213,24.4094],[91.2152,24.4089],[91.2199,24.4195],[91.2171,24.4325],[91.2234,24.4346],[91.23,24.4331],[91.2393,24.4261],[91.242,24.4269],[91.2379,24.4415],[91.2371,24.4604],[91.2325,24.4731],[91.228,24.4806],[91.2209,24.485],[91.2147,24.4822],[91.2195,24.4763],[91.2142,24.4758],[91.2053,24.4809],[91.1998,24.4741],[91.199,24.4666],[91.1903,24.4657],[91.1874,24.4704],[91.1841,24.4714],[91.1916,24.4817],[91.165,24.4851],[91.1598,24.4824],[91.1567,24.4784],[91.1501,24.4791],[91.1525,24.4849],[91.1655,24.498],[91.1693,24.5007],[91.1758,24.5001],[91.1796,24.4941],[91.1829,24.4949],[91.191,24.5008],[91.202,24.513],[91.2132,24.5234],[91.2224,24.5412],[91.2257,24.5531],[91.2309,24.5646],[91.2339,24.5688],[91.226,24.5752],[91.2208,24.5742],[91.2115,24.578],[91.2058,24.5772],[91.203,24.5877],[91.1993,24.586],[91.1977,24.5913],[91.2038,24.5933],[91.2037,24.5962],[91.1995,24.6037],[91.2,24.6094],[91.1922,24.613],[91.1791,24.6163],[91.1773,24.6196],[91.1805,24.624],[91.182,24.6299],[91.192,24.626],[91.1952,24.6311],[91.1926,24.6375],[91.1855,24.6356],[91.1802,24.6396],[91.1721,24.6407],[91.1683,24.6347],[91.1624,24.6322],[91.1543,24.639],[91.1448,24.6385],[91.1413,24.6351],[91.1303,24.6422],[91.1271,24.6358],[91.1298,24.6329],[91.1273,24.6292],[91.1296,24.6254],[91.1347,24.6221],[91.1307,24.6165],[91.1289,24.61],[91.1258,24.6107],[91.1192,24.6084],[91.1039,24.6065],[91.1058,24.6013],[91.0997,24.5999],[91.0935,24.6016],[91.0918,24.6053],[91.0839,24.6086],[91.0736,24.6188],[91.0629,24.6171],[91.0599,24.6138],[91.0532,24.6144],[91.0483,24.611],[91.0411,24.6105],[91.0367,24.612],[91.0361,24.6193],[91.0413,24.6244],[91.031,24.6299],[91.0273,24.6288],[91.021,24.6174],[91.0226,24.6121],[91.021,24.6053],[91.0178,24.6031],[91.0111,24.6057],[91.0048,24.6022],[90.996,24.6031],[90.9935,24.6016],[90.9836,24.6047],[90.9773,24.5996],[90.9665,24.605],[90.9637,24.6113],[90.9558,24.6069],[90.9535,24.6024],[90.95,24.6019],[90.9438,24.605],[90.9397,24.6018],[90.9322,24.607],[90.9333,24.6112],[90.9284,24.6155],[90.9228,24.6132],[90.9163,24.6137],[90.9168,24.6059],[90.9148,24.6],[90.9063,24.5949],[90.904,24.5998],[90.8994,24.5977],[90.8902,24.6004],[90.8816,24.5986],[90.88,24.5925],[90.8744,24.5939],[90.863,24.5947],[90.8632,24.5991],[90.8566,24.5993],[90.8505,24.5967],[90.844,24.5843],[90.8371,24.5816],[90.8272,24.5835],[90.8237,24.5879],[90.8204,24.5876],[90.822,24.5806],[90.8193,24.5739],[90.8133,24.5712],[90.8099,24.5657],[90.8152,24.5606],[90.8094,24.5496],[90.81,24.5453],[90.8042,24.5464],[90.8017,24.5379],[90.8052,24.5312],[90.7993,24.5277],[90.7977,24.5194],[90.7924,24.518],[90.7946,24.5127],[90.7937,24.5078],[90.7793,24.5104],[90.7773,24.5087],[90.7586,24.511],[90.7542,24.5032],[90.7445,24.5096],[90.7423,24.5086],[90.7422,24.4988],[90.7361,24.4861],[90.7308,24.4818],[90.7296,24.4767],[90.7225,24.4741],[90.717,24.4792],[90.7165,24.489],[90.7116,24.4939],[90.7088,24.5003],[90.7045,24.5009],[90.7057,24.5089],[90.7045,24.517],[90.6975,24.514],[90.6974,24.5115],[90.6885,24.5094],[90.6864,24.5034],[90.6825,24.5028],[90.6817,24.4933],[90.6854,24.4885],[90.6818,24.4817],[90.6778,24.4802],[90.6812,24.4755],[90.6801,24.4679],[90.6632,24.467],[90.6584,24.4734],[90.6507,24.4744],[90.6476,24.4778],[90.6434,24.4757],[90.6363,24.4759],[90.632,24.4787],[90.6228,24.4885],[90.6167,24.4914],[90.6167,24.4941],[90.6028,24.4989],[90.5967,24.4964],[90.5937,24.4982],[90.5882,24.4969],[90.5831,24.4932],[90.5821,24.4864],[90.5753,24.4839],[90.5746,24.4818],[90.5773,24.4722],[90.5755,24.4681],[90.5791,24.4622],[90.5789,24.4586],[90.5844,24.4557],[90.5874,24.4481],[90.5941,24.4459],[90.5986,24.4462],[90.606,24.442],[90.615,24.4403],[90.6185,24.4375],[90.6303,24.4364],[90.6394,24.4297],[90.6377,24.4251],[90.6458,24.4167],[90.645,24.4092],[90.6463,24.4053],[90.6433,24.4023],[90.643,24.3976],[90.6402,24.3917],[90.6421,24.3856],[90.6384,24.3758],[90.6353,24.3748],[90.6319,24.3585],[90.6269,24.3545],[90.6229,24.3453],[90.6186,24.3422],[90.6179,24.3389],[90.6231,24.338],[90.631,24.3229],[90.638,24.3128],[90.6411,24.3058],[90.6435,24.2948],[90.6425,24.289],[90.6431,24.2796],[90.651,24.2692],[90.6501,24.2592],[90.6385,24.2616],[90.6309,24.2671],[90.6224,24.2686],[90.6172,24.2662],[90.6113,24.2661],[90.603,24.2628],[90.596,24.2577],[90.5884,24.2545],[90.5844,24.2494],[90.5771,24.2457],[90.5723,24.2467],[90.5633,24.2561],[90.5542,24.259],[90.5481,24.264],[90.546,24.2677],[90.5471,24.2726],[90.5348,24.2821],[90.524,24.2856],[90.5211,24.2902],[90.5272,24.2974],[90.529,24.3033],[90.5225,24.3044],[90.512,24.3118],[90.4963,24.3151],[90.489,24.3136],[90.4852,24.3195],[90.4786,24.3212],[90.4712,24.3292],[90.4635,24.3327],[90.4556,24.3399],[90.4467,24.339],[90.4434,24.3411],[90.4366,24.3385],[90.4292,24.3303],[90.4264,24.3305],[90.4263,24.3183],[90.4281,24.3102],[90.423,24.3054],[90.4213,24.3083],[90.4097,24.297],[90.4075,24.29],[90.4039,24.2843],[90.3928,24.2816],[90.3884,24.2869],[90.3823,24.2885],[90.3737,24.2835],[90.3646,24.2811],[90.3588,24.291],[90.3593,24.3001],[90.3516,24.2993],[90.3487,24.2945],[90.3382,24.2941],[90.3319,24.2979],[90.3244,24.299],[90.3187,24.294],[90.3113,24.2919],[90.2961,24.2801],[90.2895,24.2779],[90.2811,24.2872],[90.2733,24.2866],[90.2654,24.2886],[90.257,24.2969],[90.2585,24.3049],[90.2527,24.3185],[90.249,24.323],[90.2468,24.3288],[90.2479,24.3333],[90.2404,24.3331],[90.2345,24.3371],[90.2295,24.3455],[90.2296,24.3494],[90.249,24.4153],[90.2405,24.4132],[90.2309,24.419],[90.2256,24.4268],[90.2236,24.433],[90.2207,24.4343],[90.2187,24.4486],[90.2116,24.4499],[90.2096,24.4583],[90.2115,24.4616],[90.2224,24.4615],[90.2254,24.4686],[90.2297,24.471],[90.2331,24.4755],[90.2381,24.4766],[90.2435,24.4814],[90.2405,24.4845],[90.2348,24.4867],[90.2337,24.4833],[90.2266,24.4837],[90.2231,24.4911],[90.2142,24.4995],[90.2071,24.4973],[90.2036,24.5011],[90.2096,24.5068],[90.2079,24.5098],[90.2002,24.5117],[90.1966,24.5148],[90.1927,24.5137],[90.1896,24.5163],[90.1875,24.5221],[90.1787,24.5222],[90.1755,24.5181],[90.1681,24.5351],[90.1613,24.5367],[90.1552,24.5496],[90.1524,24.55],[90.1461,24.5672],[90.1512,24.5727],[90.1501,24.5755],[90.1397,24.5757],[90.1349,24.5834],[90.1331,24.5888],[90.1247,24.5963],[90.1297,24.6043],[90.1304,24.6176],[90.1357,24.6167],[90.1404,24.6241],[90.1442,24.6236],[90.1481,24.6349],[90.1462,24.6436],[90.1475,24.6509],[90.1422,24.6552],[90.1423,24.6688],[90.1397,24.6813],[90.1319,24.6918],[90.1341,24.7],[90.1301,24.707],[90.1267,24.7187],[90.1312,24.7271],[90.1324,24.7349],[90.1277,24.7383],[90.1178,24.7374],[90.0905,24.7371],[90.0888,24.7441],[90.0886,24.7522],[90.0966,24.7535],[90.0924,24.7574],[90.092,24.7676],[90.0838,24.779],[90.0758,24.7879],[90.0694,24.7811],[90.0553,24.7791],[90.0479,24.7739],[90.0425,24.7766],[90.0322,24.777],[90.0223,24.7701],[90.0232,24.7647],[90.0204,24.7547],[90.0151,24.7542],[90.0108,24.7513],[90.008,24.7456],[90.002,24.7445],[89.9949,24.7378],[89.9922,24.7369],[89.9926,24.7283],[89.9818,24.725],[89.9739,24.7238],[89.9654,24.7271],[89.9604,24.7322],[89.9606,24.738],[89.9581,24.7441],[89.9541,24.7456],[89.9485,24.7444],[89.9408,24.7446],[89.9413,24.7515],[89.9358,24.7553],[89.9213,24.7541],[89.9272,24.7502],[89.9223,24.7456],[89.9174,24.7462],[89.9133,24.7422],[89.9116,24.7361],[89.9074,24.7345],[89.8952,24.7362],[89.8895,24.7391],[89.8887,24.7419],[89.8814,24.7419],[89.8788,24.7342],[89.8782,24.7276],[89.8806,24.7228],[89.8793,24.714],[89.88,24.7083],[89.8823,24.7053],[89.8919,24.6987],[89.8951,24.6947],[89.8985,24.6867],[89.8994,24.6815],[89.8939,24.675],[89.8871,24.674],[89.8817,24.6756],[89.8793,24.679],[89.8672,24.6647],[89.8662,24.657],[89.8695,24.6524],[89.8688,24.649],[89.8641,24.6465],[89.8565,24.6455],[89.8501,24.6465],[89.8438,24.6455],[89.8421,24.6431],[89.8477,24.638],[89.847,24.6339],[89.8426,24.6322],[89.8464,24.6258],[89.8525,24.6221],[89.8509,24.6187],[89.8425,24.6239],[89.8415,24.6141],[89.8271,24.6086],[89.8294,24.6013],[89.8239,24.5963],[89.8237,24.5924],[89.8285,24.5888],[89.8213,24.5875],[89.8169,24.5813],[89.8117,24.5851],[89.81,24.5825],[89.8163,24.5774],[89.8098,24.5728],[89.8087,24.5677],[89.804,24.5669],[89.791,24.5682],[89.7891,24.5723],[89.7721,24.5639],[89.7675,24.5568],[89.7693,24.5398],[89.7619,24.5379],[89.7474,24.5377],[89.75,24.5295],[89.7461,24.5205],[89.7398,24.5231],[89.7347,24.5196],[89.735,24.5164],[89.7421,24.5137],[89.7496,24.5092],[89.7509,24.5048],[89.7555,24.5063],[89.758,24.4998],[89.7489,24.487],[89.7474,24.483],[89.7508,24.4813],[89.7572,24.4825],[89.749,24.4728],[89.7426,24.4712],[89.7429,24.4553],[89.7545,24.4556],[89.7528,24.4498],[89.7479,24.4407],[89.7466,24.4305],[89.7531,24.4166],[89.7565,24.4046],[89.7647,24.3862],[89.7659,24.3752],[89.7601,24.3695],[89.7524,24.3601],[89.752,24.3497],[89.7573,24.3446],[89.7655,24.3394],[89.7715,24.3303],[89.7728,24.3247],[89.7719,24.3101],[89.7742,24.3015],[89.7793,24.2952],[89.787,24.2886],[89.7903,24.2746],[89.7907,24.2651],[89.7887,24.2574],[89.7846,24.2482],[89.7831,24.2375],[89.7842,24.2264],[89.7873,24.2104],[89.794,24.1919],[89.7985,24.1752],[89.7968,24.1712],[89.7915,24.172],[89.7837,24.171],[89.78,24.1665],[89.7864,24.159],[89.7891,24.1583],[89.8026,24.1601],[89.8069,24.1489],[89.8099,24.146],[89.8198,24.1407],[89.8205,24.1362],[89.8165,24.1313],[89.8168,24.1094],[89.8189,24.1014],[89.8249,24.0879],[89.8229,24.0732],[89.8166,24.0632],[89.8014,24.0517],[89.7955,24.0439],[89.7893,24.041],[89.7844,24.041],[89.7852,24.0352],[89.7746,24.0275],[89.7659,24.0237],[89.7575,24.0222],[89.7456,24.0229],[89.7329,24.0194],[89.7245,24.0141],[89.7195,24.0127],[89.7064,24.0038],[89.6983,23.9962],[89.6934,23.9873],[89.6914,23.9758],[89.6918,23.9549],[89.6927,23.9426],[89.6897,23.9425],[89.6862,23.9376],[89.6872,23.9316],[89.6846,23.9257],[89.6879,23.9235],[89.6954,23.9239],[89.6979,23.9095],[89.7005,23.9022],[89.6983,23.8956],[89.7023,23.8955],[89.6979,23.8854],[89.7038,23.8771],[89.7068,23.8685],[89.71,23.8672],[89.7121,23.8585],[89.7306,23.8401],[89.7327,23.8353],[89.7276,23.8332],[89.72,23.8278],[89.7129,23.8262],[89.7047,23.8192],[89.692,23.8134],[89.6802,23.8122],[89.6724,23.8097],[89.6638,23.8093],[89.6499,23.8125],[89.6366,23.8093],[89.6286,23.8093],[89.611,23.8119],[89.5972,23.8122],[89.5835,23.8144],[89.5754,23.809],[89.5715,23.8081],[89.5622,23.81],[89.5512,23.8137],[89.5333,23.8163],[89.5225,23.8168],[89.515,23.8186],[89.5052,23.8225],[89.4999,23.8268],[89.4686,23.8393],[89.4626,23.8427],[89.4456,23.8556],[89.4316,23.8675],[89.4153,23.8784],[89.4089,23.8817],[89.3903,23.9048],[89.384,23.9081],[89.3646,23.9107],[89.3635,23.892],[89.359,23.892],[89.3554,23.8859],[89.3608,23.8828],[89.3582,23.875],[89.3632,23.8701],[89.3578,23.8685],[89.3568,23.8652],[89.3524,23.8623],[89.3506,23.8493],[89.3513,23.8411],[89.3451,23.839],[89.3398,23.8304],[89.3365,23.8287],[89.338,23.8236],[89.3369,23.8191],[89.3296,23.8043],[89.329,23.795],[89.3305,23.7906],[89.3302,23.7785],[89.3188,23.7757],[89.3111,23.7762],[89.3125,23.7674],[89.322,23.766],[89.3211,23.7613],[89.315,23.7475],[89.3062,23.7452],[89.2988,23.7381],[89.2983,23.7357],[89.3069,23.7343],[89.312,23.729],[89.3115,23.7194],[89.3138,23.7166],[89.3225,23.7132],[89.3235,23.7098],[89.3216,23.703],[89.3289,23.6983],[89.3341,23.6912],[89.3442,23.6857],[89.35,23.6789],[89.3491,23.6711],[89.3588,23.6713],[89.366,23.668],[89.3666,23.6641],[89.3762,23.6658],[89.3786,23.6705],[89.3857,23.6765],[89.4046,23.6815],[89.4113,23.6819],[89.4162,23.6737],[89.4283,23.6655],[89.4395,23.6588],[89.4395,23.6555],[89.4359,23.6506],[89.4363,23.6458],[89.442,23.6389],[89.4558,23.6388],[89.4701,23.6348],[89.4802,23.6275],[89.4821,23.6199],[89.4741,23.6055],[89.4706,23.5971],[89.4729,23.5955],[89.4842,23.5928],[89.4942,23.583],[89.4981,23.5778],[89.5,23.5721],[89.4983,23.5655],[89.4993,23.5581],[89.5042,23.5537],[89.511,23.5514],[89.523,23.5505],[89.5345,23.5411],[89.5375,23.5361],[89.5324,23.5287],[89.5217,23.5301],[89.5149,23.5283],[89.5014,23.521],[89.4923,23.5068],[89.4899,23.5006],[89.4893,23.4891],[89.4903,23.4822],[89.4959,23.475],[89.5037,23.476],[89.5076,23.4782],[89.5093,23.494],[89.5082,23.5064],[89.5115,23.5107],[89.5183,23.513],[89.5271,23.513],[89.5454,23.5077],[89.5724,23.4981],[89.5806,23.4931],[89.6006,23.4788],[89.606,23.4727],[89.6075,23.467],[89.6071,23.4468],[89.6076,23.434],[89.6066,23.4244],[89.6085,23.4124],[89.6167,23.394],[89.6176,23.3868],[89.6145,23.3817],[89.6075,23.3822],[89.6011,23.3806],[89.5999,23.3779],[89.608,23.37],[89.6072,23.3582],[89.6041,23.3489],[89.6032,23.3419],[89.6043,23.3377],[89.6098,23.331],[89.6165,23.3167],[89.6215,23.3102],[89.6276,23.3051],[89.6349,23.3018],[89.6349,23.2972],[89.6279,23.301],[89.6204,23.3075],[89.6177,23.3043],[89.6208,23.2974],[89.6255,23.2929],[89.6338,23.289],[89.6422,23.2901],[89.6492,23.2897],[89.6577,23.2871],[89.6657,23.2828],[89.6685,23.2774],[89.658,23.2765],[89.648,23.2724],[89.6368,23.2616],[89.632,23.2483],[89.633,23.2377],[89.6367,23.2338],[89.6418,23.2325],[89.6475,23.2346],[89.655,23.2406],[89.6636,23.2426],[89.6684,23.2449],[89.6726,23.2429],[89.6856,23.2272],[89.6885,23.2202],[89.6844,23.2126],[89.6842,23.2073],[89.6813,23.198],[89.679,23.1833],[89.6798,23.1799],[89.6859,23.1688],[89.6899,23.1635],[89.6961,23.162],[89.7026,23.1701],[89.7137,23.1779],[89.7325,23.1862],[89.7409,23.1877],[89.7517,23.1878],[89.7574,23.1866],[89.7634,23.1821],[89.765,23.1789],[89.7608,23.1746],[89.739,23.1734],[89.7323,23.1682],[89.7302,23.1585],[89.7389,23.1477],[89.7419,23.1399],[89.7386,23.1296],[89.7295,23.1264],[89.7136,23.1163],[89.7049,23.1135],[89.7,23.1146],[89.6947,23.1276],[89.6862,23.1328],[89.6775,23.1329],[89.6736,23.1295],[89.6726,23.1231],[89.6783,23.1121],[89.6906,23.0987],[89.7049,23.0895],[89.7271,23.0797],[89.7329,23.0764],[89.7364,23.0711],[89.7287,23.06],[89.7297,23.0534],[89.7338,23.0513],[89.7449,23.0505],[89.7502,23.0424],[89.7547,23.032],[89.7556,23.0231],[89.7577,23.0136],[89.7625,23.0074],[89.7687,23.0045],[89.7795,23.0028],[89.7908,22.9998],[89.7968,22.9963],[89.7937,22.9898],[89.7925,22.9804],[89.7946,22.9765],[89.8014,22.9719],[89.8057,22.9637],[89.8062,22.9557],[89.8023,22.9449],[89.802,22.9404],[89.808,22.9377],[89.816,22.9368],[89.8256,22.9304],[89.8381,22.9167],[89.8518,22.9088],[89.8641,22.9038],[89.8652,22.8995],[89.8622,22.8961],[89.8532,22.8953],[89.8496,22.8932],[89.8506,22.8883],[89.8578,22.8864],[89.874,22.8865],[89.8806,22.8852],[89.8904,22.8811],[89.901,22.8807],[89.9131,22.8819],[89.9199,22.8808],[89.92,22.8698],[89.9223,22.8641],[89.9315,22.8603],[89.9438,22.8565],[89.9415,22.863],[89.9456,22.8626],[89.9554,22.8535],[89.967,22.8537],[89.9698,22.8586],[89.9797,22.8594],[89.9863,22.8618],[89.9868,22.8655],[89.9991,22.8672],[90.0095,22.867],[90.0155,22.8683],[90.0187,22.8719],[90.0179,22.8801],[90.0205,22.8855],[90.0226,22.8998],[90.0272,22.906],[90.033,22.9203],[90.0348,22.9338],[90.0565,22.932],[90.0608,22.9438],[90.0573,22.9468],[90.057,22.9529],[90.0586,22.9569],[90.0568,22.9613],[90.0573,22.969],[90.0593,22.9714],[90.0697,22.9684],[90.0753,22.977],[90.0775,22.9828],[90.0827,22.9836],[90.0879,22.9888],[90.0893,22.9953],[90.0948,23.0068],[90.1242,23.0051],[90.1267,23.0057],[90.1292,23.0243],[90.127,23.0259],[90.1321,23.0345],[90.1365,23.0441],[90.1432,23.0454],[90.1435,23.0489],[90.1351,23.05],[90.1375,23.0533],[90.1484,23.0549],[90.155,23.0527],[90.1595,23.0587],[90.1582,23.0633],[90.165,23.0676],[90.1726,23.0665],[90.1829,23.0586],[90.1927,23.0582],[90.1948,23.0545],[90.2034,23.0559],[90.203,23.0604],[90.2075,23.0657],[90.2138,23.0699],[90.2209,23.0648],[90.2219,23.061],[90.2262,23.0573],[90.2254,23.0533],[90.2318,23.0462],[90.2368,23.0445],[90.2384,23.0367],[90.234,23.027],[90.2327,23.018],[90.2345,23.0022],[90.2312,22.9953],[90.2295,22.9841],[90.2302,22.9787],[90.236,22.9681],[90.2399,22.9667],[90.2474,22.9746],[90.2542,22.9753],[90.2591,22.9717],[90.2558,22.9663],[90.2588,22.9648],[90.2711,22.9725],[90.2805,22.9749],[90.2909,22.9725],[90.2954,22.9753],[90.3013,22.9761],[90.3199,22.9815],[90.3245,22.9888],[90.3276,22.9966],[90.3294,23.0074],[90.3268,23.0179],[90.3234,23.0231],[90.3193,23.0258],[90.3143,23.0369],[90.3157,23.0399],[90.3158,23.0529],[90.33,23.058],[90.3349,23.0559],[90.3439,23.0556],[90.3487,23.0567],[90.356,23.0551],[90.3603,23.0573],[90.3657,23.0562],[90.3684,23.0586],[90.3731,23.0558],[90.3788,23.055],[90.3831,23.0563],[90.3846,23.0513],[90.389,23.0519],[90.3944,23.0473],[90.4084,23.0417],[90.419,23.0412],[90.4227,23.0389],[90.4237,23.033],[90.4214,23.0285],[90.4123,23.0227],[90.4076,23.0171],[90.4079,23.0071],[90.4173,23.0072],[90.4314,23.0126],[90.4374,23.0124],[90.4503,23.0138],[90.4582,23.0159],[90.461,23.0221],[90.4639,23.0194],[90.4766,23.025],[90.4912,23.0343],[90.4964,23.0393],[90.4978,23.0488],[90.4874,23.0502],[90.4869,23.0552],[90.4826,23.0656],[90.4985,23.069]]],[[[90.5698,23.3246],[90.5774,23.3244],[90.5835,23.3284],[90.5796,23.3307],[90.5693,23.3274],[90.5687,23.3241],[90.5698,23.3246]]],[[[90.5512,23.1003],[90.5432,23.0947],[90.5395,23.0951],[90.5252,23.0876],[90.5191,23.0835],[90.515,23.0833],[90.5176,23.0778],[90.5223,23.0829],[90.5324,23.0866],[90.5381,23.0907],[90.5433,23.0883],[90.5498,23.0959],[90.5512,23.1003]]],[[[90.5421,23.3329],[90.5343,23.335],[90.5293,23.3283],[90.53,23.325],[90.5346,23.3224],[90.5385,23.3236],[90.5418,23.3213],[90.5472,23.3245],[90.5522,23.3245],[90.5567,23.3222],[90.559,23.3281],[90.5633,23.3308],[90.5709,23.3313],[90.5724,23.3337],[90.5527,23.3345],[90.5421,23.3329]]]]},"properties":{"division":"Dhaka"}}
]}